,Sentence,Business meeting,Coincidence,Education,Music making,Personal life,Public celebration
0,"Chris Kavanagh (born 4 June 1964) is a British drummer, best known for playing in Sigue Sigue Sputnik and Big Audio Dynamite II.",0.004369624,0.00022912252,8.43194e-08,0.995327,7.411244e-05,3.2089653e-09
1,"Kavanagh was asked to join Sigue Sigue Sputnik because of his looks and attitude, and only after that was taught to play drums by other band members.",0.04665788,0.0010378002,0.53181887,0.42045724,2.8237142e-05,2.2072639e-12
2,He remained with them until 1989.,0.9274868,1.4527326e-07,5.703705e-08,0.07072923,0.0016673725,0.000116479205
3,Later he joined Big Audio Dynamite II after Mick Jones reshuffled the line-up completely.,0.9965534,2.0232947e-05,8.842024e-07,0.0034255707,4.5970308e-09,8.599505e-11
4,He left the band in 1995.,0.9843078,1.3740556e-05,1.0217874e-05,0.015658595,9.577463e-06,5.3309264e-09
5,==,0.12487809,0.21344268,0.0013716145,0.0017026803,0.65860486,7.902394e-08
6,References ==,2.507712e-05,0.018098895,8.9650435e-05,0.06194967,4.4582564e-09,0.9198367
