,Sentence,Business meeting,Coincidence,Education,Music making,Personal life,Public celebration
0,"DJ Baby Anne (born Marianne Breslin; November 17, 1972) is an Orlando-based DJ who works with live sets and original mixes that fuse Electro with Miami Bass and funky breaks.",1.0623742e-10,2.1626168e-08,6.5959296e-07,0.00010450564,0.99944586,0.0004488818
1,==,0.12487809,0.21344268,0.0013716145,0.0017026803,0.65860486,7.902394e-08
2,Chart hits ==,0.45570856,0.52948064,7.3947415e-10,0.014514415,3.8926284e-08,0.00029635907
3,"The single ""Probe"" reached No. 5 on the Billboard Hot Dance Maxi-Singles Sales chart in 2002.",8.0717145e-05,5.79078e-05,4.535423e-09,4.173867e-07,0.0002632017,0.9995977
4,The album Mixtress reached No. 12 on the Billboard Top Electronic Albums chart in 2004.,1.1729206e-09,0.006289922,1.8870274e-07,0.11856854,0.0001886435,0.8749527
5,==,0.12487809,0.21344268,0.0013716145,0.0017026803,0.65860486,7.902394e-08
6,Discography ==,0.9999943,1.2030798e-08,8.3584145e-10,5.3618996e-06,2.8147706e-09,3.2553942e-07
7,==,0.12487809,0.21344268,0.0013716145,0.0017026803,0.65860486,7.902394e-08
8,References ==,2.507712e-05,0.018098895,8.9650435e-05,0.06194967,4.4582564e-09,0.9198367
