,Sentence,Business meeting,Coincidence,Education,Music making,Personal life,Public celebration
0,"Joel Taylor (born 1959) is an American drummer who has toured or recorded with artists such as Brian Bromberg, Mike Garson, Al Di Meola, Frank Gambale, Allan Holdsworth, Banned From Utopia, and appears on Yanni's live concert video Tribute.",0.08684642,0.5575396,0.0050329547,0.35053107,4.9965987e-05,2.3850327e-10
1,==,0.12487809,0.21344268,0.0013716145,0.0017026803,0.65860486,7.902394e-08
2,References ==,2.507712e-05,0.018098895,8.9650435e-05,0.06194967,4.4582564e-09,0.9198367
3,Joel Taylor at AllMusic,0.0028890786,0.00014160613,0.00056290213,0.99634546,6.0876446e-05,1.5570767e-09
4,Profile at Reflections an Unofficial Yanni fan page,0.68198067,0.00023384528,3.9075346e-08,6.43379e-08,5.3328695e-06,0.31778005
5,==,0.12487809,0.21344268,0.0013716145,0.0017026803,0.65860486,7.902394e-08
6,External links ==,0.00023526642,1.3075892e-06,6.913511e-10,2.5650536e-07,3.6421334e-08,0.9997632
7,Official site,0.00010639902,2.473917e-10,3.9114192e-10,1.2280146e-08,9.812631e-12,0.99989355
