,Sentence,Business meeting,Coincidence,Education,Music making,Personal life,Public celebration
0,"Nathan Novarro (born May 4, 1986) is the drummer for Cobra Starship.",3.1131216e-07,0.056871753,7.9371654e-07,0.94310045,2.6627993e-05,2.3007546e-10
1,He has been a drummer since 1996 and used to work as a drum tech for the bands Hidden In Plain View and Armor For Sleep.,0.983579,1.2020075e-05,0.00039519693,0.01600189,1.17920035e-05,3.408485e-10
2,"Since 2017, Novarro has been the drummer for DALES, the new project of The Summer Set vocalist Brian Logan Dales.",0.00072696514,0.8397604,3.574593e-06,0.15950464,4.3219343e-06,2.5419675e-10
3,==,0.12487809,0.21344268,0.0013716145,0.0017026803,0.65860486,7.902394e-08
4,References ==,2.507712e-05,0.018098895,8.9650435e-05,0.06194967,4.4582564e-09,0.9198367
