,Sentence,Business meeting,Coincidence,Education,Music making,Personal life,Public celebration
0,"Peter Giger (born April 12, 1939 in Zurich) is a Swiss percussionist and bandleader, formerly of the band de:Dzyan.",0.9984549,2.4765688e-08,1.5856164e-06,0.0014194098,6.816836e-05,5.590706e-05
1,==,0.12487809,0.21344268,0.0013716145,0.0017026803,0.65860486,7.902394e-08
2,References ==,2.507712e-05,0.018098895,8.9650435e-05,0.06194967,4.4582564e-09,0.9198367
3,==,0.12487809,0.21344268,0.0013716145,0.0017026803,0.65860486,7.902394e-08
4,External links ==,0.00023526642,1.3075892e-06,6.913511e-10,2.5650536e-07,3.6421334e-08,0.9997632
5,Peter Giger Official website,0.94162273,6.2828875e-10,5.150853e-10,6.5498553e-09,3.3176624e-07,0.058376953
