,Sentence,Business meeting,Coincidence,Education,Music making,Personal life,Public celebration
0,"Bystrík Režucha (14 January 1935, Bratislava – 16 August, 2012) was a Slovak conductor.",0.0016359723,4.3579475e-06,0.0008884907,0.00030551953,0.9802004,0.016965248
1,He was a chief conductor of the Slovak Philharmonic Orchestra.,0.97299135,2.0155943e-08,0.00058771623,0.000107886175,0.026243484,6.9647846e-05
2,==,0.12487809,0.21344268,0.0013716145,0.0017026803,0.65860486,7.902394e-08
3,References ==,2.507712e-05,0.018098895,8.9650435e-05,0.06194967,4.4582564e-09,0.9198367
4,==,0.12487809,0.21344268,0.0013716145,0.0017026803,0.65860486,7.902394e-08
5,External links ==,0.00023526642,1.3075892e-06,6.913511e-10,2.5650536e-07,3.6421334e-08,0.9997632
6,Biography,0.0009237099,6.753639e-10,1.4054218e-10,1.1465762e-12,2.2238176e-08,0.99907625
