,Sentence,Business meeting,Coincidence,Education,Music making,Personal life,Public celebration
0,"Ingus Baušķenieks (born December 30, 1956) is a Latvian musician known as a member of Dzeltenie Pastnieki and as a solo artist.",1.2587319e-05,6.5584494e-08,9.9053146e-08,4.814911e-07,0.99988365,0.000103162914
1,"He is a multi-instrumentalist, with the bass guitar being his primary instrument in band engagements.",0.99688536,1.07052266e-07,0.000103326456,0.0028841828,0.00012704694,9.2587277e-10
2,He is also known for his proficiency in home recording and tape editing.,0.18653904,1.3683828e-07,0.809607,3.410183e-07,1.9419756e-06,0.0038515108
3,He is the son of the noted Latvian painter Auseklis Baušķenieks (1910–2007).,3.8750954e-08,2.7583758e-09,1.5438314e-11,2.00718e-13,0.99998105,1.8924662e-05
4,==,0.12487809,0.21344268,0.0013716145,0.0017026803,0.65860486,7.902394e-08
5,Discography ==,0.9999943,1.2030798e-08,8.3584145e-10,5.3618996e-06,2.8147706e-09,3.2553942e-07
6,==,0.12487809,0.21344268,0.0013716145,0.0017026803,0.65860486,7.902394e-08
7,References ==,2.507712e-05,0.018098895,8.9650435e-05,0.06194967,4.4582564e-09,0.9198367
