,Sentence,Business meeting,Coincidence,Education,Music making,Personal life,Public celebration
0,"Chris Spencer is the vocalist and guitarist of the band Unsane, based in New York City.",0.0012017225,0.2518202,0.71072036,0.0022698736,0.0016091748,0.032378685
1,"He also was vocalist and guitarist of the band The Cutthroats 9, when he moved to California after Unsane went on hiatus in 2000.",0.0043584164,0.0015845394,0.99144757,0.00014208263,0.0005417419,0.001925701
2,"He recently formed the sludge metal band Celan, along with composer/keyboardist Ari Benjamin Meyers.",1.4511317e-05,5.7999146e-06,1.5545114e-06,0.9999765,1.6115551e-06,3.1117806e-13
3,==,0.12487809,0.21344268,0.0013716145,0.0017026803,0.65860486,7.902394e-08
4,References ==,2.507712e-05,0.018098895,8.9650435e-05,0.06194967,4.4582564e-09,0.9198367
