,Sentence,Business meeting,Coincidence,Education,Music making,Personal life,Public celebration
0,Carrie Bradley is an American violinist and vocalist.,0.015314523,0.00018516305,0.96872765,0.00093631505,9.3879404e-05,0.0147424685
1,"She was a founding member of the alternative folk band Ed's Redeeming Qualities, and has played in The Breeders and 100 Watt Smile.",0.0045955484,0.006200078,0.9888469,4.543319e-06,1.9111067e-06,0.0003509491
2,"Since 2003, Bradley has appeared as half of the San Francisco-based musical duo The Great Auk.",0.9982855,0.0014202636,1.2631683e-06,0.00029150632,1.4221318e-06,4.7332294e-12
3,==,0.12487809,0.21344268,0.0013716145,0.0017026803,0.65860486,7.902394e-08
4,References ==,2.507712e-05,0.018098895,8.9650435e-05,0.06194967,4.4582564e-09,0.9198367
5,==,0.12487809,0.21344268,0.0013716145,0.0017026803,0.65860486,7.902394e-08
6,External links ==,0.00023526642,1.3075892e-06,6.913511e-10,2.5650536e-07,3.6421334e-08,0.9997632
7,The Great Auk MySpace Page,0.99895346,1.2231054e-06,1.5331328e-07,2.6088466e-11,8.755598e-07,0.001044312
