,Sentence,Business meeting,Coincidence,Education,Music making,Personal life,Public celebration
0,"Shamshi Kaldayakov (Kazakh: Шәмші Қалдаяқов, Şämşı Qaldaiaqov; 15 August 1937 in Temirlanovka, South Kazakhstan Province – 29 February 1992 in Almaty) was a Kazakh composer.",0.0010147927,5.0655224e-05,6.104687e-05,0.064217456,0.93451846,0.00013755054
1,"He was born Shamshi Donbaiev, but ran away from school and changed his name to avoid the police.",0.00089470076,2.8166005e-06,9.635437e-07,0.003119205,0.9835278,0.01245453
2,"He started playing music aged 17 and mainly wrote songs in a waltz style, but in 1956, he composed the music to the patriotic song My Kazakhstan.",0.0019867031,1.7359316e-07,1.3950446e-10,0.99797827,3.480946e-05,3.6271267e-11
3,It was adopted in 2006 to be the Kazakhstan national anthem by Kazakh President Nursultan Nazarbayev after a few modifications in the lyrics.,0.3260148,7.71905e-07,0.0012403467,0.6721872,0.0005312582,2.555016e-05
4,==,0.12487809,0.21344268,0.0013716145,0.0017026803,0.65860486,7.902394e-08
5,References ==,2.507712e-05,0.018098895,8.9650435e-05,0.06194967,4.4582564e-09,0.9198367
6,==,0.12487809,0.21344268,0.0013716145,0.0017026803,0.65860486,7.902394e-08
7,External links ==,0.00023526642,1.3075892e-06,6.913511e-10,2.5650536e-07,3.6421334e-08,0.9997632
8,Biography (in English),0.3915982,2.991188e-08,1.1135567e-06,6.8546774e-10,0.30010504,0.30829558
