,Sentence,Business meeting,Coincidence,Education,Music making,Personal life,Public celebration
0,"Johnny Rod (born John Tumminello; December 8, 1957) is an American bass guitar player.",2.1686803e-06,0.0022044622,1.2822215e-07,0.18218403,0.8156079,1.2948027e-06
1,"One of the early bands he was active in was King Kobra, from 1984 to 1986.",1.0207476e-07,0.00018438043,4.482739e-09,0.9998155,1.4875057e-08,7.360179e-12
2,In 1986 he joined the heavy metal band W.A.S.P..Johnny Rod used both Fender (the Fender Precision bass is his all-time favorite) and B.C. Rich basses during his career.,5.557392e-05,0.17045115,1.8103558e-08,0.8294931,1.6003425e-07,1.0145412e-09
3,His main bass with W.A.S.P. was a yellow B.C. Rich Ironbird bass.,3.2871474e-05,3.770694e-08,1.4060657e-08,0.4225036,0.57746345,9.78818e-12
4,"In 2010, he reunited with King Kobra.",1.9790434e-08,0.98536104,7.615299e-08,0.01463883,2.4978902e-10,2.195759e-12
5,"On January 26, 2021 swedish band ""Rexoria"" on his official Facebook page announced Johnny Rod as their new bass-player.",0.019525168,0.0008046297,2.4505993e-05,0.9795567,8.9000074e-05,7.969747e-11
6,==,0.12487809,0.21344268,0.0013716145,0.0017026803,0.65860486,7.902394e-08
7,References ==,2.507712e-05,0.018098895,8.9650435e-05,0.06194967,4.4582564e-09,0.9198367
