,Sentence,Business meeting,Coincidence,Education,Music making,Personal life,Public celebration
0,Francis Bay (27 December 1914 – 24 April 2005) was a Belgian conductor.,3.6280726e-06,7.3256634e-10,5.1570095e-07,8.337081e-07,0.9999224,7.26077e-05
1,"Born as Frans Bayezt, he conducted many Belgian entries in the Eurovision Song Contest and had his own Big band orchestra titled ""Francis Bay and His Big Band.",6.094899e-06,7.2105677e-10,9.900312e-10,4.9024526e-05,0.99994206,2.8412792e-06
2,==,0.12487809,0.21344268,0.0013716145,0.0017026803,0.65860486,7.902394e-08
3,References ==,2.507712e-05,0.018098895,8.9650435e-05,0.06194967,4.4582564e-09,0.9198367
4,==,0.12487809,0.21344268,0.0013716145,0.0017026803,0.65860486,7.902394e-08
5,External links ==,0.00023526642,1.3075892e-06,6.913511e-10,2.5650536e-07,3.6421334e-08,0.9997632
6,Francis Bay at IMDb,0.011825393,2.4709905e-08,1.1190025e-07,0.7077483,0.28042597,2.428918e-07
