,Sentence,Business meeting,Coincidence,Education,Music making,Personal life,Public celebration
0,Jukka Tapio Linkola (born 21 July 1955 in Espoo) is a Finnish jazz pianist and classical composer.,1.3302143e-06,5.8153476e-10,1.3704465e-06,3.4025046e-08,0.99998856,8.7008075e-06
1,He has composed music for the Finnish National Opera and led several jazz Big Bands.,0.0020412623,8.371775e-09,0.0035297105,0.97897655,0.015452409,9.5020425e-08
2,"In addition he has won two Jussi awards for his film music, which another came from the 1988 film The Glory and Misery of Human Life.",5.6726117e-09,1.060863e-05,9.668238e-07,3.1616563e-07,2.0713746e-06,0.99998605
3,His euphonium concerto is considered a standard in the repertoire.,0.002014489,0.000674509,2.1185375e-07,0.9970566,0.0002521253,2.1200142e-06
4,==,0.12487809,0.21344268,0.0013716145,0.0017026803,0.65860486,7.902394e-08
5,References ==,2.507712e-05,0.018098895,8.9650435e-05,0.06194967,4.4582564e-09,0.9198367
