,Sentence,Business meeting,Coincidence,Education,Music making,Personal life,Public celebration
0,Robert M. Knight is a rock and roll photographer that has been active for around 40 years.,0.035071947,0.58330625,3.8224578e-05,1.00904984e-07,0.15207432,0.2295091
1,He is an author and the subject of the documentary film Rock Prophecies.,0.4683208,0.000329339,2.065712e-05,0.012838289,0.51824933,0.00024161203
2,"Knight has photographed Jimi Hendrix, Stevie Ray Vaughan, Eric Clapton, Jeff Beck, Steve Vai, and Carlos Santana.",0.02868212,0.9549298,0.012164984,2.9555244e-07,4.5165642e-08,0.0042226943
3,==,0.12487809,0.21344268,0.0013716145,0.0017026803,0.65860486,7.902394e-08
4,References ==,2.507712e-05,0.018098895,8.9650435e-05,0.06194967,4.4582564e-09,0.9198367
5,==,0.12487809,0.21344268,0.0013716145,0.0017026803,0.65860486,7.902394e-08
6,External links ==,0.00023526642,1.3075892e-06,6.913511e-10,2.5650536e-07,3.6421334e-08,0.9997632
7,Robert M. Knight official website,7.3911695e-05,0.16406503,5.523369e-07,5.0531617e-05,0.00016743552,0.8356426
8,"Publisher of Robert Knight's gallery photographs, and global distributors",6.1380064e-08,0.00046312143,4.5186803e-06,2.5877037e-11,1.9437223e-09,0.99953234
