,Sentence,Business meeting,Coincidence,Education,Music making,Personal life,Public celebration
0,"Jeroom Snelders (born 1977) is a Belgian cartoonist and comics artist, who is frequently published in the magazine Humo.",6.450468e-06,1.9505289e-05,0.06336485,1.1937998e-09,0.93632627,0.00028298312
1,"He studied graphic design at St. Lucas in Ghent, where one of his teachers was Ever Meulen.",1.6607381e-10,0.002399252,0.9975999,6.9615925e-07,1.0696075e-07,1.3603227e-12
2,He has published his work in the collections Rudy (2002) and Het Hol van de Reet (2003).,0.0068804007,0.17510983,0.020052202,0.00019069656,4.8743997e-05,0.79771817
3,His work is characterized by absurd humor and surreal situations.,0.002506805,0.99741024,2.8684812e-07,4.59502e-05,3.658557e-05,2.1969822e-07
4,He won the Belgium Press Cartoon 2002 and is engaged to Belgian athlete Élodie Ouédraogo.,2.8771194e-06,0.0004518644,1.7932307e-06,2.3575394e-10,0.2369215,0.76262194
5,==,0.12487809,0.21344268,0.0013716145,0.0017026803,0.65860486,7.902394e-08
6,External links ==,0.00023526642,1.3075892e-06,6.913511e-10,2.5650536e-07,3.6421334e-08,0.9997632
7,Jeroom's website,1.0716133e-06,0.08535523,0.90510136,3.2171865e-05,7.329618e-06,0.009502928
8,Lambiek Comiclopedia,1.2690309e-06,0.99896693,2.0737847e-09,0.000107595624,3.9263585e-07,0.00092371134
