,Sentence,Business meeting,Coincidence,Education,Music making,Personal life,Public celebration
0,Giraut (or Guiraut) de Salignac (or Salinhac) was a jongleur and troubadour from the Quercy.,5.8686823e-05,0.00040759295,4.1323523e-07,0.00042403597,0.9270975,0.07201177
1,His castle was Salignac.,0.18843918,0.0037422364,0.005331772,0.14375885,0.6569719,0.0017560917
2,"According to his vida he composed cansos, sirventes, and descortz, though only one canso and one descort survive.",1.1855371e-06,0.7632122,0.039606765,0.19711222,5.4802954e-06,6.224993e-05
3,"His composition were characterised, so his biographer says, by ""grace and skill"".",0.012116871,0.0064766677,0.034515973,0.64522886,0.30166158,6.176107e-08
4,"He may have written under the patronage of Azalais of Toulouse, whom he mentions in his poetry.",1.3777832e-08,9.2509914e-08,3.53201e-11,0.9999995,3.5894627e-07,1.4736906e-10
5,His name is sometimes erroneously given as Guilhem.,8.362976e-09,9.832984e-09,6.398442e-10,1.1958094e-05,0.9999881,1.0439951e-10
6,==,0.12487809,0.21344268,0.0013716145,0.0017026803,0.65860486,7.902394e-08
7,Sources ==,0.007645562,0.3143481,1.254729e-05,0.0016880321,0.0007003267,0.6756055
