,Sentence,Business meeting,Coincidence,Education,Music making,Personal life,Public celebration
0,"Frank French is an American rock drummer from Sacramento, California.",0.0007704212,0.029222626,6.0977472e-06,5.239443e-05,0.9699481,3.7241543e-07
1,"He is a former member of the bands True West, Thin White Rope, the inversions, and Cake.",0.08891666,1.3390046e-05,0.86495245,0.043757785,0.0023589013,9.585588e-07
2,"He was the original drummer for Cake, departing from the band after the release of their debut album, Motorcade of Generosity.",0.91075104,0.06811161,0.00080534467,0.020008152,0.0002659213,5.792846e-05
3,"He has played in several bands since then, and continues to live in Sacramento.",0.0050513684,0.41406855,0.036084,0.5447851,1.0296695e-05,6.6513786e-07
4,==,0.12487809,0.21344268,0.0013716145,0.0017026803,0.65860486,7.902394e-08
5,References ==,2.507712e-05,0.018098895,8.9650435e-05,0.06194967,4.4582564e-09,0.9198367
