,Sentence,Business meeting,Coincidence,Education,Music making,Personal life,Public celebration
0,"James E. Jones (March 12, 1950 – February 18, 2008) was an experimental music artist, producer, and guitarist in the rock band Pere Ubu.",1.8928101e-07,2.9182383e-09,1.360657e-06,1.3794784e-06,0.99997604,2.0988999e-05
1,"Jones was a member of many experimental rock bands of the 1970s and 1980s including: Easter Monkeys, Foreign Bodies, Mirrors, The Styrenes, Electric Eels, Home And Garden, and Terminal Lovers.",0.85243183,0.02299349,7.964671e-05,0.00979641,0.11438042,0.00031831456
2,"He later recorded and performed with local bands Speaker\Cranker, Noble Rot, and KNG NXN.",5.197836e-10,6.8649347e-06,6.5873774e-06,0.99998164,4.8057464e-06,8.93546e-08
3,"Jones died of a heart attack on February 18, 2008 at the age of 57.",1.3810559e-09,8.670686e-12,9.416232e-08,9.0340674e-10,0.9999999,3.9093806e-10
4,==,0.12487809,0.21344268,0.0013716145,0.0017026803,0.65860486,7.902394e-08
5,Sources ==,0.007645562,0.3143481,1.254729e-05,0.0016880321,0.0007003267,0.6756055
6,Cleveland.com obituary,2.7558924e-09,6.8383904e-10,1.35809575e-11,1.7409191e-10,0.9805588,0.01944116
7,UbuProjex.net bio,0.0053097242,0.0010095601,0.5543716,5.306782e-07,0.07508055,0.36422798
