,Sentence,Business meeting,Coincidence,Education,Music making,Personal life,Public celebration
0,"Kush Arora, who has produced under the name Only Now since 2013 is a music producer and DJ from San Francisco.",0.0282108,0.00068245264,0.9649114,0.0061868825,8.406884e-06,5.560693e-08
1,"Arora blends use of the tumbi and the algoze flute from his Punjabi heritage with industrial, metal, punk, goth, bhangra, and more before shifting to experimental, dub, and dancehall inspired creations in the late 1990s.",0.06233011,0.7516487,0.18582445,4.4421515e-05,0.00014630433,5.9920794e-06
2,"In 2012 he started a radio show called Surya Dub Radio on Berkeley's KPFA 94.1FM Radio, California's largest independent station with Maneesh The Twister.",0.0059403167,4.3915414e-05,0.00014783577,0.99210244,0.0008677996,0.00089764525
3,==,0.12487809,0.21344268,0.0013716145,0.0017026803,0.65860486,7.902394e-08
4,References ==,2.507712e-05,0.018098895,8.9650435e-05,0.06194967,4.4582564e-09,0.9198367
5,==,0.12487809,0.21344268,0.0013716145,0.0017026803,0.65860486,7.902394e-08
6,External links ==,0.00023526642,1.3075892e-06,6.913511e-10,2.5650536e-07,3.6421334e-08,0.9997632
7,Kush Arora official website,0.0033003702,0.0018755511,0.0012406777,0.06964634,0.08998666,0.8339504
