,Sentence,Business meeting,Coincidence,Education,Music making,Personal life,Public celebration
0,Jason Hsu (born 27 July 1985),9.2754e-07,1.9013532e-11,3.596331e-05,0.011593808,0.98836935,3.1649592e-12
1,"is a Taiwanese singer, actor and ice hockey player.",0.049750254,2.1038019e-11,5.9207432e-05,0.00050053676,0.9496822,7.816041e-06
2,He was a member of the Taiwanese boyband 5566.,3.3250542e-06,1.4519478e-06,4.0346695e-06,0.00017849458,0.99981266,1.3834738e-08
3,==,0.12487809,0.21344268,0.0013716145,0.0017026803,0.65860486,7.902394e-08
4,Life and career ==,0.999816,0.00018401917,1.175514e-12,5.826383e-16,1.1224866e-11,2.6783466e-08
5,Hsu's father is a businessman.,6.7693118e-09,2.1854875e-10,0.9923039,1.8226167e-09,0.0076961056,1.06554925e-08
6,He has an elder sister.,2.0913967e-06,0.00015836723,0.00012469175,1.3160611e-07,0.99969316,2.1611115e-05
7,"Hsu is a keen ice hockey player, and has played for the Chinese Taipei national team since 2017.",0.00036812757,6.0432526e-09,0.035598494,0.9638636,0.00016980513,3.3824522e-13
8,==,0.12487809,0.21344268,0.0013716145,0.0017026803,0.65860486,7.902394e-08
9,Discography ==,0.9999943,1.2030798e-08,8.3584145e-10,5.3618996e-06,2.8147706e-09,3.2553942e-07
10,==,0.12487809,0.21344268,0.0013716145,0.0017026803,0.65860486,7.902394e-08
11,Filmography ==,0.99997985,3.8154094e-10,9.0419326e-07,1.224641e-10,4.517803e-06,1.4692185e-05
12,==,0.12487809,0.21344268,0.0013716145,0.0017026803,0.65860486,7.902394e-08
13,Awards and nominations ==,4.2284873e-06,9.654204e-10,3.5180038e-12,1.5419893e-10,8.16167e-15,0.9999958
14,==,0.12487809,0.21344268,0.0013716145,0.0017026803,0.65860486,7.902394e-08
15,References ==,2.507712e-05,0.018098895,8.9650435e-05,0.06194967,4.4582564e-09,0.9198367
16,==,0.12487809,0.21344268,0.0013716145,0.0017026803,0.65860486,7.902394e-08
17,External links ==,0.00023526642,1.3075892e-06,6.913511e-10,2.5650536e-07,3.6421334e-08,0.9997632
18,Jason Hsu on Instagram,2.928308e-05,2.2238739e-05,0.45028564,2.7735372e-05,0.5496273,7.713163e-06
