,Sentence,Business meeting,Coincidence,Education,Music making,Personal life,Public celebration
0,"Ian Kirkham (born 9 March 1963, Liverpool, England) is an English saxophonist, best known for his playing with Simply Red from 1986 until the band retired in 2010.",0.8418836,7.866326e-08,0.0009670707,0.011967067,0.1451819,2.8580416e-07
1,"He reprised his role in the band when it reformed in 2015, and played on their 2019 album, Blue Eyed Soul.",0.025325423,0.0004398728,0.00026527292,0.97396946,1.9560829e-11,5.3999956e-09
2,Kirkham grew up in Preston.,0.637343,0.00058849464,0.006171608,3.6220506e-08,0.07310425,0.2827926
3,"He started learning piano at five, and saxophone at eleven.",0.0007176821,1.9581845e-08,0.99888676,0.00026168695,0.0001338061,1.7444745e-12
4,==,0.12487809,0.21344268,0.0013716145,0.0017026803,0.65860486,7.902394e-08
5,References ==,2.507712e-05,0.018098895,8.9650435e-05,0.06194967,4.4582564e-09,0.9198367
