,Sentence,Business meeting,Coincidence,Education,Music making,Personal life,Public celebration
0,"Per Henrik Wallin (July 17, 1946 – June 15, 2005) was a Swedish jazz pianist and composer.",0.00022732142,2.0261224e-07,7.246888e-11,4.6101954e-07,0.9997714,6.3702055e-07
1,"He was acclaimed in Continental Europe, but relatively obscure in the United States.",0.00013368443,0.11614237,0.0006903548,0.041286197,0.0038437278,0.8379037
2,He received the Swedish variant of the Golden Django two years before his death.,1.1009408e-09,1.131357e-08,3.3087428e-08,3.4129586e-09,0.5240308,0.47596908
3,==,0.12487809,0.21344268,0.0013716145,0.0017026803,0.65860486,7.902394e-08
4,References ==,2.507712e-05,0.018098895,8.9650435e-05,0.06194967,4.4582564e-09,0.9198367
