,Sentence,Business meeting,Coincidence,Education,Music making,Personal life,Public celebration
0,"Prescott Niles (born May 2, 1954) is an American rock bassist.",2.3106227e-06,5.441785e-06,6.6044905e-08,0.00033165253,0.99948835,0.00017221189
1,"He is best known as bassist with the Knack, who had a No. 1 US / No. 6 UK hit with ""My Sharona"".",0.25540894,3.3785605e-10,8.3111765e-08,0.733418,0.011172041,1.002755e-06
2,Since 2013 he has played bass with Mike Pinera's Classic Rock All-Stars and Missing Persons.,0.00060087844,0.1207663,2.8851044e-08,0.8783765,0.00025081818,5.5786027e-06
3,Prescott Niles mostly played a Rickenbacker 4001 and a Guild bass during his tenure with The Knack.,9.6004056e-05,0.000110541616,9.662893e-05,0.9991053,0.00059155945,2.2877933e-09
4,==,0.12487809,0.21344268,0.0013716145,0.0017026803,0.65860486,7.902394e-08
5,References ==,2.507712e-05,0.018098895,8.9650435e-05,0.06194967,4.4582564e-09,0.9198367
6,==,0.12487809,0.21344268,0.0013716145,0.0017026803,0.65860486,7.902394e-08
7,External links ==,0.00023526642,1.3075892e-06,6.913511e-10,2.5650536e-07,3.6421334e-08,0.9997632
8,Prescott Niles NAMM Oral History Interview (2007),2.3393432e-09,0.00023089306,9.10714e-08,1.9778612e-05,1.4008373e-05,0.9997352
