,Sentence,Business meeting,Coincidence,Education,Music making,Personal life,Public celebration
0,"Barry Young (né Clarence LaVonne Fitzgerald; June 27, 1931 in Oklahoma – December 2, 1966 in Los Angeles) was an American pop singer who recorded for Dot Records in the 1960s.",9.3378105e-08,3.3813197e-07,8.244818e-08,6.0389888e-05,0.99986875,7.0291e-05
1,"His biggest hit single was a recording of the tune ""One Has My Name (The Other Has My Heart),"" which had previously been a number 1 hit on the country charts for Jimmy Wakely in 1948.",5.971034e-06,8.212001e-07,8.529659e-08,0.6363227,0.31762025,0.046050187
2,The song hit number 13 on the Billboard Hot 100 early in 1966.,7.5092954e-05,0.0018168511,4.9986604e-10,0.99803203,1.9809155e-05,5.630873e-05
3,"He also released an album on Dot, entitled One Has My Name, which peaked at number 67 on the Billboard 200 that same year.",0.032047465,3.9946146e-05,7.416623e-08,0.9656433,0.0022674056,1.8467298e-06
4,"Barry Young died of a brain abscess on December 2, 1966.",1.0910487e-07,4.7824437e-06,1.12660274e-07,1.6005017e-05,0.999979,5.433452e-09
5,He was 35 years old.,1.9773886e-07,2.1133593e-09,0.000152503,7.38552e-11,0.9998473,4.330808e-10
6,==,0.12487809,0.21344268,0.0013716145,0.0017026803,0.65860486,7.902394e-08
7,References ==,2.507712e-05,0.018098895,8.9650435e-05,0.06194967,4.4582564e-09,0.9198367
