,Sentence,Business meeting,Coincidence,Education,Music making,Personal life,Public celebration
0,"Rudolph Hermann Simonsen (April 30, 1889 – March 28, 1947) was a Danish composer who studied under Otto Malling.",0.0032535365,2.0911716e-06,0.0008296181,2.6124104e-07,0.9959145,3.1968046e-09
1,"In 1928, he won a bronze medal in the art competitions of the Olympic Games for his Symphony No. 2: Hellas.",2.674151e-07,0.13123411,0.2782048,0.273408,0.31404296,0.0031098954
2,From 1931 Simonsen headed Royal Danish Academy of Music.,0.72149587,5.00979e-07,0.27759367,3.574675e-09,0.00090997445,3.989205e-10
3,==,0.12487809,0.21344268,0.0013716145,0.0017026803,0.65860486,7.902394e-08
4,References ==,2.507712e-05,0.018098895,8.9650435e-05,0.06194967,4.4582564e-09,0.9198367
5,==,0.12487809,0.21344268,0.0013716145,0.0017026803,0.65860486,7.902394e-08
6,External links ==,0.00023526642,1.3075892e-06,6.913511e-10,2.5650536e-07,3.6421334e-08,0.9997632
7,DatabaseOlympics profile,0.0002323784,0.6646883,5.2627564e-07,0.00017813238,7.132736e-07,0.33489996
8,Free scores by Rudolph Simonsen at the International Music Score Library Project (IMSLP),0.002749574,0.041702766,0.26168302,0.67384934,0.013606887,0.0064083817
