,Sentence,Business meeting,Coincidence,Education,Music making,Personal life,Public celebration
0,"Justin Van Der Volgen is an American musician, mixer with Out Hud from 1996 to 2005 and with !!!",0.3969028,0.09056422,0.37858412,0.0032027578,0.130746,5.319999e-08
1,from 1996 to 2007.,0.03466906,7.174727e-07,0.0018645996,0.96290886,1.7176259e-05,0.0005395284
2,"Van der Volgen remixed Maserati's ""Inventions"" for their 2008 Inventions Remixed 12"" on Temporary Residence.",5.0649214e-07,0.6639055,0.00018927432,0.21126765,0.10811441,0.016522663
3,==,0.12487809,0.21344268,0.0013716145,0.0017026803,0.65860486,7.902394e-08
4,References ==,2.507712e-05,0.018098895,8.9650435e-05,0.06194967,4.4582564e-09,0.9198367
