,Sentence,Business meeting,Coincidence,Education,Music making,Personal life,Public celebration
0,"Adam Wade (born July 3, 1968) is an American drummer.",6.7254325e-05,0.975392,0.00014386146,0.00084479287,0.023551522,6.96046e-07
1,"He was a member of Jawbox, Shudder To Think, Sweet 75 and The Jealous Sound.",0.0021169821,3.5879473e-06,6.9512334e-06,0.99782914,3.3279543e-05,9.93403e-06
2,"Wade was born in Washington, D.C.",7.682322e-08,3.068654e-08,5.4216755e-05,9.9954526e-08,0.9999454,8.1729084e-08
3,==,0.12487809,0.21344268,0.0013716145,0.0017026803,0.65860486,7.902394e-08
4,References ==,2.507712e-05,0.018098895,8.9650435e-05,0.06194967,4.4582564e-09,0.9198367
5,Allmusic entry,0.9911476,0.0005815816,1.0881748e-05,0.0034965833,0.00040635452,0.004357222
6,"Floodwatch Music Interview, 2008",6.6523316e-06,0.9993475,0.00045648616,2.4606588e-06,3.7024514e-05,0.00014969382
7,Modern Drummer,0.70660084,0.09473084,0.000262597,0.12047329,0.07775249,0.00018004097
