,Sentence,Business meeting,Coincidence,Education,Music making,Personal life,Public celebration
0,"Billy Ray Latham (January 12, 1938, Arkansas – August 19, 2018, Nashville, TN) was an American banjo player.",0.00017329615,0.83694255,5.6729223e-05,0.16171324,0.0011141007,2.740593e-08
1,He was best known as a member of the Kentucky Colonels (1961-c.1974).,2.9291909e-05,0.00057492085,5.1694343e-07,0.0006303615,0.7011268,0.29763815
2,"He then joined The Dillards in 1974, and left c.1978.",4.6057598e-05,0.83540124,2.096987e-05,1.5794732e-05,0.15990047,0.0046155346
3,"He died in 2018, having been in poor health for years.",2.586221e-06,5.7764787e-06,0.0037725593,0.006626465,0.98959243,5.9173047e-08
4,==,0.12487809,0.21344268,0.0013716145,0.0017026803,0.65860486,7.902394e-08
5,References ==,2.507712e-05,0.018098895,8.9650435e-05,0.06194967,4.4582564e-09,0.9198367
