,Sentence,Business meeting,Coincidence,Education,Music making,Personal life,Public celebration
0,Irina Plotnikova is a Russian pianist.,0.592822,1.4595891e-08,3.6918621e-09,0.4071357,4.226356e-05,2.780023e-08
1,"Irina Plotnikova won the inaugural Sydney International Piano Competition (1977), and presented the Opening Recital at the 1985 and 2000 competitions.",0.014533456,9.577724e-10,2.6895204e-05,0.9720694,0.00048329378,0.012886905
2,She is now a professor at the Tchaikovsky Conservatory.,0.024807008,1.3863382e-07,0.9750617,2.385875e-05,2.947742e-05,7.772979e-05
3,==,0.12487809,0.21344268,0.0013716145,0.0017026803,0.65860486,7.902394e-08
4,References ==,2.507712e-05,0.018098895,8.9650435e-05,0.06194967,4.4582564e-09,0.9198367
