,Sentence,Business meeting,Coincidence,Education,Music making,Personal life,Public celebration
0,Mayumi Kameda is a Japanese pianist.,0.013002167,1.8702078e-08,0.00013729319,0.9865479,0.0003124905,7.6745884e-08
1,"Trained at the Tōhō Gakuen Daigaku, she completed her studies at the Conservatoire de Paris, with teacher Gabriel Tacchino.",1.1398087e-07,2.9900786e-13,0.9999999,5.2016967e-11,2.7223862e-11,1.4019208e-14
2,Kameda won the 1981 Epinal Competition and was awarded the 1983 Cleveland International Piano Competition's 2nd award.,5.81876e-07,1.1412467e-08,8.6149777e-07,0.050297894,0.46543652,0.4842641
3,She remains internationally active as a concert pianist in a duo with Jean-Jacques Balet.,0.08714312,4.9196213e-11,4.47058e-09,0.9128564,4.4014672e-07,1.9515852e-08
4,==,0.12487809,0.21344268,0.0013716145,0.0017026803,0.65860486,7.902394e-08
5,References ==,2.507712e-05,0.018098895,8.9650435e-05,0.06194967,4.4582564e-09,0.9198367
6,[1] National University of Colombia,2.6433781e-08,5.1617377e-09,0.8890136,0.11098637,1.16133805e-08,1.5581586e-08
7,Epinal competition,1.1312305e-10,9.947271e-06,0.00043794405,1.1256952e-09,0.97660124,0.022950878
