,Sentence,Business meeting,Coincidence,Education,Music making,Personal life,Public celebration
0,"Michael Sean McCary (born December 16, 1971) is an American singer, known for being a former bass singer of the R&B group Boyz II Men (in which he was sometimes known as Mike Bass).",0.00028919638,0.049677297,1.3447526e-09,0.0001769939,0.9497957,6.08412e-05
1,"In 2003, McCary left Boyz II Men due to back spasms that were eventually diagnosed as multiple sclerosis.",0.0023061628,0.99607193,4.144777e-08,0.0016174079,3.9514416e-06,6.1534337e-07
2,"He was shown in the pilot for a talk show with Paula Poundstone called A Pound of Paula, which wasn't picked up.",7.25299e-09,0.9744882,9.613875e-09,0.025509754,1.9786291e-06,2.6758924e-08
3,==,0.12487809,0.21344268,0.0013716145,0.0017026803,0.65860486,7.902394e-08
4,References ==,2.507712e-05,0.018098895,8.9650435e-05,0.06194967,4.4582564e-09,0.9198367
5,==,0.12487809,0.21344268,0.0013716145,0.0017026803,0.65860486,7.902394e-08
6,External links ==,0.00023526642,1.3075892e-06,6.913511e-10,2.5650536e-07,3.6421334e-08,0.9997632
7,Michael McCary at IMDb,0.00068332086,1.7552655e-05,9.782609e-07,1.8116816e-05,0.999278,2.0552618e-06
8,Michael McCary at Allmusic,1.8109345e-07,7.460747e-07,1.2457285e-05,0.9999107,7.5959935e-05,3.8818577e-08
