,Sentence,Business meeting,Coincidence,Education,Music making,Personal life,Public celebration
0,"Hiroyuki Hayashi (ハヤシヒロユキ, Hayashi Hiroyuki, born 8 August 1978 in Tokyo, Japan) is the founder, guitarist, and lead singer of the Japanese new wave rock group, Polysics.",3.4854352e-07,3.7639235e-05,0.0009152422,0.0050878096,0.99395895,5.5445937e-09
1,He occasionally works as a remix artist under the alias POLY-1.,0.00026940223,6.190286e-05,0.001036069,0.99700433,4.209613e-05,0.0015862397
2,He is known for having very energetic live performances.,0.43051532,0.0007969932,0.029556839,0.15007453,0.04616198,0.34289443
3,==,0.12487809,0.21344268,0.0013716145,0.0017026803,0.65860486,7.902394e-08
4,References ==,2.507712e-05,0.018098895,8.9650435e-05,0.06194967,4.4582564e-09,0.9198367
