,Sentence,Business meeting,Coincidence,Education,Music making,Personal life,Public celebration
0,"Boris Sergeyevich Brunov (Russian: Бори́с Серге́евич Бруно́в; 10 June 1922, Tiflis – 2 September 1997, Moscow) was a Soviet and Russian actor and entertainer.",1.7737673e-05,2.0173877e-06,9.985736e-09,0.84007555,0.13678083,0.023123961
1,"In 1985, he was named a People's Artist of the RSFSR.",3.2787557e-07,1.622269e-07,2.7772892e-10,2.913792e-05,0.25608483,0.7438856
2,He was a director of the Moscow theatre Estrada.,0.99999213,2.4858068e-10,3.6117453e-07,6.544384e-06,1.0755767e-07,8.823106e-07
3,==,0.12487809,0.21344268,0.0013716145,0.0017026803,0.65860486,7.902394e-08
4,References ==,2.507712e-05,0.018098895,8.9650435e-05,0.06194967,4.4582564e-09,0.9198367
5,==,0.12487809,0.21344268,0.0013716145,0.0017026803,0.65860486,7.902394e-08
6,External links ==,0.00023526642,1.3075892e-06,6.913511e-10,2.5650536e-07,3.6421334e-08,0.9997632
7,Boris Brunov at IMDb,0.5453381,1.6864857e-05,1.9358052e-07,0.27564663,0.17899778,4.6330595e-07
