,Sentence,Business meeting,Coincidence,Education,Music making,Personal life,Public celebration
0,"Ruriko Kikuchi (菊池るり子, Kikuchi Ruriko) is a Japanese pianist.",0.00011816432,2.1455908e-06,0.0025337515,0.023766285,0.9735797,1.25218405e-08
1,"She won the first international edition of the Paloma O'Shea Santander International Piano Competition (Spain, 1974) and shared the 1980 Concorso Busoni 2nd prize with Rolf Plagge and Hai-Kyung Suh (no 1st prize was awarded).",4.5516896e-07,3.7411945e-09,1.8215493e-06,6.1189926e-06,8.437652e-09,0.99999154
2,She taught at the Osaka College of Music.,3.2822137e-12,3.499117e-10,1.0,1.4149373e-09,2.5593523e-12,1.30440075e-14
3,==,0.12487809,0.21344268,0.0013716145,0.0017026803,0.65860486,7.902394e-08
4,References ==,2.507712e-05,0.018098895,8.9650435e-05,0.06194967,4.4582564e-09,0.9198367
5,[1] Northport Art Coalition,0.00079422817,0.0020951086,0.15513058,0.7741209,0.06770074,0.00015834182
6,[2] Biblioteca Virtual Miguel de Cervantes - Fundación Albéniz,5.0780147e-10,1.5281e-06,0.0023981496,0.0027882408,4.6235627e-08,0.994812
