,Sentence,Business meeting,Coincidence,Education,Music making,Personal life,Public celebration
0,"Jacobus Johannes ""Jaap"" Eggermont (born 31 October 1946, The Hague) is a Dutch record producer, best known for his Stars on 45 project.",1.1458666e-06,3.632465e-10,8.890888e-09,0.0003654488,0.99963343,1.2262768e-08
1,Eggermont's first job in the musical profession was from 1965 until 1969 as the drummer of the band Golden Earrings.,0.9950282,7.009484e-06,5.1721393e-13,0.0036983443,0.0012664938,2.284313e-10
2,"After leaving that band, which soon changed its name to Golden Earring, Eggermont became a record producer.",0.99829465,1.09306534e-07,8.958104e-11,0.00096983666,0.00073540024,3.769089e-09
3,"He worked with such acts as Sandy Coast, Earth and Fire and Livin' Blues.",7.451393e-06,0.00039970872,0.0049129273,0.99465585,2.4075258e-05,3.1045408e-10
4,"The greatest success he had was in the early 1980s, with his project Stars on 45.",0.00042491217,4.7960268e-05,6.467361e-08,0.0027145755,0.017886264,0.97892624
5,==,0.12487809,0.21344268,0.0013716145,0.0017026803,0.65860486,7.902394e-08
6,References ==,2.507712e-05,0.018098895,8.9650435e-05,0.06194967,4.4582564e-09,0.9198367
