,Sentence,Business meeting,Coincidence,Education,Music making,Personal life,Public celebration
0,"Brian Joseph Yale (born November 14, 1968) is an American musician who is the bass guitarist for the band Matchbox Twenty and has been nominated for four Grammy Awards.",0.016487839,0.0042934683,0.5939054,0.21295242,3.1102657e-06,0.17235781
1,==,0.12487809,0.21344268,0.0013716145,0.0017026803,0.65860486,7.902394e-08
2,Career ==,1.0,4.755348e-13,2.1761231e-17,4.5407227e-19,9.245165e-14,7.685994e-12
3,"Before joining Matchbox Twenty, he was a member of the band Tabitha's Secret with Rob Thomas and Paul Doucette.",0.9841972,7.5486845e-05,0.0002216045,0.0155054275,1.1998335e-09,3.9916486e-07
4,"Brian Yale grew up in Orange, Connecticut.",3.8332686e-08,0.115118556,0.040388044,3.0451936e-05,0.8444525,1.0405565e-05
5,"He graduated from Amity Regional High School (in Woodbridge, CT) in 1987 where he participated in a school band.",1.7085904e-06,0.43064156,0.0002802064,0.19279438,8.575688e-05,0.37619647
6,==,0.12487809,0.21344268,0.0013716145,0.0017026803,0.65860486,7.902394e-08
7,References ==,2.507712e-05,0.018098895,8.9650435e-05,0.06194967,4.4582564e-09,0.9198367
