,Sentence,Business meeting,Coincidence,Education,Music making,Personal life,Public celebration
0,Georges Monier (18 February 1892 – 1974) was a Belgian composer.,4.376765e-08,2.3290414e-07,2.9098954e-10,0.04041681,0.959583,6.766927e-09
1,"In 1920 he won a gold medal in the art competitions of the Olympic Games for his ""Olympique"" (""Olympic"").",5.2892617e-08,3.585692e-06,3.948597e-06,0.00012509346,0.7549741,0.24489322
2,He was a co-founder of arts weekly-journal 7 Arts and led its musical section.,0.0015793205,6.1156976e-07,0.0014138251,0.99090517,1.395869e-05,0.006087084
3,==,0.12487809,0.21344268,0.0013716145,0.0017026803,0.65860486,7.902394e-08
4,References ==,2.507712e-05,0.018098895,8.9650435e-05,0.06194967,4.4582564e-09,0.9198367
5,==,0.12487809,0.21344268,0.0013716145,0.0017026803,0.65860486,7.902394e-08
6,External links ==,0.00023526642,1.3075892e-06,6.913511e-10,2.5650536e-07,3.6421334e-08,0.9997632
7,profile,0.008112425,1.7927836e-06,1.3272981e-10,9.23587e-13,2.1859439e-08,0.9918858
