,Sentence,Business meeting,Coincidence,Education,Music making,Personal life,Public celebration
0,Réka Szilvay (born 1972) is a Finnish classical violinist.,0.5491339,1.0442255e-08,0.0020417026,0.06593328,0.3828488,4.2383217e-05
1,"She was born in Helsinki, Finland, into an Austrian–Hungarian family.",4.429448e-10,7.200465e-13,1.224237e-06,3.8351247e-09,0.9999988,5.3460254e-09
2,She is the daughter of the violinist Géza Szilvay and the niece of the cellist Csaba Szilvay.,0.010021702,1.3336481e-06,0.35008484,0.0015049558,0.6383738,1.340582e-05
3,==,0.12487809,0.21344268,0.0013716145,0.0017026803,0.65860486,7.902394e-08
4,References ==,2.507712e-05,0.018098895,8.9650435e-05,0.06194967,4.4582564e-09,0.9198367
