,Sentence,Business meeting,Coincidence,Education,Music making,Personal life,Public celebration
0,"Joseph ""Pete"" Salemi (September 15, 1902 – January 17, 2003) was an Italian American jazz trombonist.",4.212394e-08,8.442096e-09,2.226509e-08,2.5018963e-07,0.9998332,0.00016642343
1,"Salemi was born in Corleone in Sicily on September 15, 1902.",1.5874662e-08,9.565997e-08,1.0031439e-09,3.8003982e-08,0.9999964,3.4535867e-06
2,Salemi was the youngest of three sons and a daughter.,1.1620793e-12,9.8378665e-09,1.04971414e-10,3.4664362e-09,1.0,4.005935e-08
3,He came to the United States in 1914 with his father.,6.805087e-08,8.364553e-06,5.356234e-06,8.606971e-05,0.9998832,1.6977363e-05
4,"As a trombonist, Salemi played with Frank Sinatra and Judy Garland, but is best known for his recording work with the Gene Kardos Orchestra from 1931.",4.8640448e-08,3.0223123e-06,8.356969e-08,0.99634415,0.0036522443,3.6803746e-07
5,He also played with various other big bands.,1.9355364e-05,3.3566693e-07,1.3092653e-06,0.999979,1.0085212e-09,2.1958909e-13
6,Salemi played at the inaugurations of both Presidents Harry Truman and Dwight Eisenhower.,0.00012456687,2.3588734e-06,1.3895105e-05,0.53912646,0.4003347,0.06039803
7,==,0.12487809,0.21344268,0.0013716145,0.0017026803,0.65860486,7.902394e-08
8,References ==,2.507712e-05,0.018098895,8.9650435e-05,0.06194967,4.4582564e-09,0.9198367
