,Sentence,Business meeting,Coincidence,Education,Music making,Personal life,Public celebration
0,Mike Piersante is a recording engineer and mixer.,0.0034605507,2.9385475e-07,0.00029123214,0.00030175355,1.4806499e-05,0.9959313
1,== 2009 Grammy Awards ==,9.086241e-10,1.5838346e-07,1.7428337e-10,1.5543229e-06,1.985867e-09,0.99999833
2,Mike Piersante won two Grammy Awards in 2009 for his work as Engineer/Mixer.,5.344822e-08,1.6248836e-10,0.0012943484,0.0002796538,9.517894e-08,0.99842584
3,"The first Grammy was for ""Please Read the Letter"" a duet track by Alison Krauss and Robert Plant.",0.0001160292,0.000120523975,0.033755273,0.0041811885,8.953045e-09,0.96182704
4,"Krauss and Plant sang this track as a duet which was released on the album Raising Sand, available on Rounder which won another 2009 Grammy for Mike Piersante for Album of the Year.",3.238272e-08,0.039243568,0.96030927,0.00036280212,6.143834e-05,2.2838924e-05
5,==,0.12487809,0.21344268,0.0013716145,0.0017026803,0.65860486,7.902394e-08
6,References ==,2.507712e-05,0.018098895,8.9650435e-05,0.06194967,4.4582564e-09,0.9198367
7,==,0.12487809,0.21344268,0.0013716145,0.0017026803,0.65860486,7.902394e-08
8,External links ==,0.00023526642,1.3075892e-06,6.913511e-10,2.5650536e-07,3.6421334e-08,0.9997632
9,Mike Piersante at AllMusic,1.4470505e-05,1.4869529e-07,0.003606748,0.99624026,7.3034093e-06,0.00013108074
10,Mike Piersante discography at Discogs,8.865218e-05,2.397226e-09,8.447286e-09,3.2356445e-06,7.1681433e-10,0.9999081
