,Sentence,Business meeting,Coincidence,Education,Music making,Personal life,Public celebration
0,"Dinu Ghezzo (1941 - December 10, 2011) was a Romanian conductor who was director of the Composition Studies at New York University.",0.0028612462,0.00013337871,0.98468554,0.00056163024,0.011747624,1.0599953e-05
1,==,0.12487809,0.21344268,0.0013716145,0.0017026803,0.65860486,7.902394e-08
2,References ==,2.507712e-05,0.018098895,8.9650435e-05,0.06194967,4.4582564e-09,0.9198367
3,NYU Faculty bio,0.99999225,1.0571331e-08,2.2941883e-08,2.3329234e-11,6.4091996e-06,1.259979e-06
4,INMC,1.8395548e-10,6.2995775e-10,5.6132446e-08,0.9998523,0.000119982375,2.7685199e-05
