,Sentence,Business meeting,Coincidence,Education,Music making,Personal life,Public celebration
0,"Camille Henry Joseph Verdhurdt was a 19th-century Belgian baritone, singing teacher and theatre director.",5.89474e-09,7.093491e-10,3.3159056e-05,1.1626548e-06,0.99996567,4.042295e-11
1,==,0.12487809,0.21344268,0.0013716145,0.0017026803,0.65860486,7.902394e-08
2,Life ==,6.295167e-12,0.9999999,1.4325473e-09,2.967463e-15,6.647044e-08,1.3410639e-10
3,"Born in Namur, he married the granddaughter of François-Joseph Fétis, sang in several French productions and published several works on music, before becoming the director of the Théâtre de la Monnaie in Brussels in 1885-1886.",5.6199324e-06,0.036325037,9.0979023e-07,0.13051821,0.79060096,0.042549312
4,"That season was financially disastrous, but Verdhurdt still managed to stage Gwendoline by Chabrier, which had been refused by the Opéra de Paris.",0.55676085,0.0022899483,0.43244305,0.0076958793,0.0007938003,1.6482996e-05
5,The evening performance of 10 April 1886 was a triumph but Verdhurdt handed in his notice the following day.,0.9923603,2.2850952e-06,1.7290784e-08,1.0190121e-11,0.0042957254,0.003341691
6,He was later head of the Théâtre de Rouen in 1889-1890.,0.0030286596,4.4880988e-05,3.0129945e-07,0.98288316,0.00325597,0.010786977
7,==,0.12487809,0.21344268,0.0013716145,0.0017026803,0.65860486,7.902394e-08
8,References ==,2.507712e-05,0.018098895,8.9650435e-05,0.06194967,4.4582564e-09,0.9198367
