,Sentence,Business meeting,Coincidence,Education,Music making,Personal life,Public celebration
0,"Stuart Mcbeath Tosh (born 26 September 1948), also known as Stuart Tosh, is a Scottish drummer, songwriter and vocalist.",0.53782815,0.00021391886,0.01376051,0.009177142,0.43011382,0.008906382
1,Tosh was born in Aberdeen.,0.016888203,5.3913834e-07,0.00018589909,4.9203677e-06,0.97859234,0.004328147
2,"He recorded and toured with a succession of bands during the 1970s and 1980s, including Pilot, The Alan Parsons Project, 10cc, Camel, and with Roger Daltrey.",0.09983112,0.0076729753,2.8741814e-08,0.8924952,1.1434312e-09,5.9336077e-07
3,==,0.12487809,0.21344268,0.0013716145,0.0017026803,0.65860486,7.902394e-08
4,References ==,2.507712e-05,0.018098895,8.9650435e-05,0.06194967,4.4582564e-09,0.9198367
5,==,0.12487809,0.21344268,0.0013716145,0.0017026803,0.65860486,7.902394e-08
6,External links ==,0.00023526642,1.3075892e-06,6.913511e-10,2.5650536e-07,3.6421334e-08,0.9997632
7,Stuart Tosh's appearances & credits on different albums at Discogs.com,0.092014775,0.00014241916,3.6258174e-05,1.6655464e-07,1.0350444e-07,0.9078062
