,Sentence,Business meeting,Coincidence,Education,Music making,Personal life,Public celebration
0,"Ingolf Georg August Gabold (born 31 March 1942 Heidelberg, Germany) is a Danish composer.",0.00015471097,7.044066e-09,1.1539306e-09,8.349429e-09,0.99984515,1.0319401e-07
1,He is a graduate of the Royal Danish Academy of Music.,0.1407959,1.4049234e-08,0.0057069696,2.535369e-07,0.85347944,1.7371645e-05
2,"He has been the head of the dramatic fiction department at DR, the Danish national broadcaster.",0.9961176,3.9944947e-08,2.4390827e-05,0.000123617,0.003725232,9.2699665e-06
3,==,0.12487809,0.21344268,0.0013716145,0.0017026803,0.65860486,7.902394e-08
4,References ==,2.507712e-05,0.018098895,8.9650435e-05,0.06194967,4.4582564e-09,0.9198367
5,Portrait article at Berlingske Tidende,2.356592e-06,0.5243901,3.261001e-06,2.646997e-13,0.4745969,0.0010073215
6,Analysis of work at DVM,1.9770163e-05,0.6132907,0.00012048231,0.3865043,5.483976e-07,6.4219006e-05
7,Analysis of work at DVM,1.9770163e-05,0.6132907,0.00012048231,0.3865043,5.483976e-07,6.4219006e-05
8,Opera works,0.013585026,1.0651804e-07,0.002880207,0.98353463,5.0433133e-09,5.144405e-08
