,Sentence,Business meeting,Coincidence,Education,Music making,Personal life,Public celebration
0,"Christian Florus Balduin Dahl (October 6, 1834 – June 3, 1891) was a Danish composer and conductor.",4.7399283e-08,5.4347655e-09,3.8967966e-07,8.7275645e-11,0.9999995,3.8610954e-09
1,He spent a portion of his career with Den Kongelige Livgarde.,0.9995734,7.5680723e-10,0.0004035413,2.3041282e-05,1.0549177e-09,2.0103827e-14
2,He was the son of a musician at Tivoli Gardens.,8.5791907e-10,2.3669726e-11,7.3230535e-07,2.8427818e-09,0.9999993,2.5988017e-08
3,==,0.12487809,0.21344268,0.0013716145,0.0017026803,0.65860486,7.902394e-08
4,References ==,2.507712e-05,0.018098895,8.9650435e-05,0.06194967,4.4582564e-09,0.9198367
