,Sentence,Business meeting,Coincidence,Education,Music making,Personal life,Public celebration
0,"Georg Frederik Ferdinand Allen (1856–1925) was a Danish singing teacher, conductor and composer.",0.006838987,2.5194702e-10,0.14290899,1.9993263e-06,0.85021394,3.6079753e-05
1,He was the brother of musician Robert William Otto Allen.,3.87141e-07,1.5045693e-05,0.00024216564,0.0005863106,0.9986267,0.00052938546
2,"A pupil of Gustav Helsted, he later studied in Paris and London.",1.33009055e-11,8.851249e-07,0.99967885,6.108081e-07,0.00031973887,1.7921785e-12
3,He was then a singing teacher in Copenhagen and during 1888 to 1892 a teacher at a conservatory in New York City and the singer at Trinity Church.,2.834462e-07,1.087692e-07,0.99995136,3.1157132e-08,4.8152873e-05,8.2449965e-08
4,He conducted for various singing organizations in Copenhagen: including the Artisans' Association choir and the Forsvarsbrøcrenes Mason choir.,0.001280455,0.0001267682,0.041957043,3.9557042e-05,0.9553657,0.0012304155
5,==,0.12487809,0.21344268,0.0013716145,0.0017026803,0.65860486,7.902394e-08
6,References ==,2.507712e-05,0.018098895,8.9650435e-05,0.06194967,4.4582564e-09,0.9198367
7,This article was initially translated from the Danish Wikipedia.,0.00073505496,1.1452017e-05,0.00022643541,1.9897602e-06,0.74029434,0.2587308
8,Dansk Biografisk Leksikon,0.00024661634,6.4294036e-05,7.175979e-07,0.0005433891,0.98675007,0.01239492
