,Sentence,Business meeting,Coincidence,Education,Music making,Personal life,Public celebration
0,"Daniel Andersen (25 November 1885 – 30 April 1959) was a Danish composer, sculptor, and ceramist.",8.700965e-05,2.522768e-07,2.9502628e-06,1.9407247e-12,0.99990904,7.409215e-07
1,"He studied music in Vienna; among his compositions are a handful of religious works and an opera, Madonnas Ansigt.",2.22406e-09,1.3945833e-05,0.03864561,0.96133256,7.962337e-06,2.2260903e-11
2,==,0.12487809,0.21344268,0.0013716145,0.0017026803,0.65860486,7.902394e-08
3,References ==,2.507712e-05,0.018098895,8.9650435e-05,0.06194967,4.4582564e-09,0.9198367
4,"DVM profile, Danish State Library et al.",1.6647347e-08,0.030362075,0.00050756126,4.7394646e-05,1.290154e-05,0.9690701
5,Gravsted profile,0.15027735,0.00033579156,2.6255702e-06,1.8489239e-09,1.2163738e-05,0.849372
