,Sentence,Business meeting,Coincidence,Education,Music making,Personal life,Public celebration
0,Johannes Fritz Emanuel Andersen (1829–1910) was a Danish organist and composer.,1.6747124e-07,4.3660407e-08,0.0019123319,1.2280812e-11,0.99808204,5.5266305e-06
1,He was the father of critic Sophus Andersen.,3.5139809e-09,4.4112963e-05,0.099849775,4.872966e-10,0.9001053,7.859494e-07
2,==,0.12487809,0.21344268,0.0013716145,0.0017026803,0.65860486,7.902394e-08
3,External links ==,0.00023526642,1.3075892e-06,6.913511e-10,2.5650536e-07,3.6421334e-08,0.9997632
4,Works by Fritz Andersen at LibriVox (public domain audiobooks),2.8054528e-10,5.0521426e-06,0.00088225154,1.3855917e-08,2.2532873e-05,0.9990902
