,Sentence,Business meeting,Coincidence,Education,Music making,Personal life,Public celebration
0,"Christian Barnekow   (28 July 1837 in Luz-Saint-Sauveur, France – 20 March 1913 in Copenhagen) was a Danish nobleman and composer.",0.608015,0.0010964562,8.354148e-05,1.1726496e-05,0.39079282,4.0932616e-07
1,==,0.12487809,0.21344268,0.0013716145,0.0017026803,0.65860486,7.902394e-08
2,References ==,2.507712e-05,0.018098895,8.9650435e-05,0.06194967,4.4582564e-09,0.9198367
3,This article was initially translated from the Danish Wikipedia.,0.00073505496,1.1452017e-05,0.00022643541,1.9897602e-06,0.74029434,0.2587308
4,==,0.12487809,0.21344268,0.0013716145,0.0017026803,0.65860486,7.902394e-08
5,External links ==,0.00023526642,1.3075892e-06,6.913511e-10,2.5650536e-07,3.6421334e-08,0.9997632
6,"Barnekow Piano Trio in f# minor, Op.1 Soundbites and discussion of work.",0.00014284647,0.006480584,8.198347e-10,0.73568946,0.25768706,9.002603e-12
7,Free scores by Christian Barnekow at the International Music Score Library Project (IMSLP),1.4093962e-05,0.02504659,0.14950217,0.8236549,0.0014646355,0.0003175743
