,Sentence,Business meeting,Coincidence,Education,Music making,Personal life,Public celebration
0,"Barney Rappaport (March 25, 1900 – October 12, 1970) was an American orchestra leader and jazz musician from the 1920s to the 1940s.",0.008680852,5.023753e-07,0.00015977991,0.9704405,0.020718342,1.8225574e-10
1,Rapp married Ruby Wright in 1936.,0.00018757104,0.00025487607,7.127232e-09,3.704372e-05,0.9995189,1.6349103e-06
2,==,0.12487809,0.21344268,0.0013716145,0.0017026803,0.65860486,7.902394e-08
3,References ==,2.507712e-05,0.018098895,8.9650435e-05,0.06194967,4.4582564e-09,0.9198367
