,Sentence,Business meeting,Coincidence,Education,Music making,Personal life,Public celebration
0,Viggo Bielefeldt  (16 October 1851 – 17 December 1909) was a Danish composer.,6.676024e-08,0.0003674172,1.2569352e-05,0.000113525675,0.9993625,0.00014393592
1,==,0.12487809,0.21344268,0.0013716145,0.0017026803,0.65860486,7.902394e-08
2,References ==,2.507712e-05,0.018098895,8.9650435e-05,0.06194967,4.4582564e-09,0.9198367
3,This article was initially translated from the Danish Wikipedia.,0.00073505496,1.1452017e-05,0.00022643541,1.9897602e-06,0.74029434,0.2587308
