,Sentence,Business meeting,Coincidence,Education,Music making,Personal life,Public celebration
0,Sophus Christian Danning   (16 June 1867 – 7 November 1925) was a Danish composer and conductor.,1.9978224e-09,0.044321816,0.006276627,7.698583e-08,0.9493867,1.4849092e-05
1,"From 1898 to 1907 he worked in Bergen as a conductor for the Bergen Philharmonic Orchestra and Den Nationale Scene, and from 1907 to 1914 he conducted at Fahlstrøms Theater.",0.00048119662,9.613613e-05,0.062273234,0.75518304,0.13218422,0.049782112
2,He also wrote operas such as Kynthia in 1903 and operettes such as Columbine in 1912.,9.106863e-11,1.3787103e-10,1.3844312e-10,1.0,9.367642e-10,3.3646475e-12
3,From 1914 to 1923 he conducted for Odense City Orchestra.,3.3657552e-09,0.00017443526,0.0009739114,0.9945802,0.0007346429,0.0035366896
4,He was married to the Norwegian actress Signe Danning.,2.0818798e-06,2.575772e-08,2.4626637e-10,1.8920596e-12,0.9974033,0.0025945525
5,==,0.12487809,0.21344268,0.0013716145,0.0017026803,0.65860486,7.902394e-08
6,References ==,2.507712e-05,0.018098895,8.9650435e-05,0.06194967,4.4582564e-09,0.9198367
