,Sentence,Business meeting,Coincidence,Education,Music making,Personal life,Public celebration
0,"Erik Norby (January 6, 1936 – January 16, 2007) was a Danish composer.",1.3206027e-05,0.003929215,6.003288e-09,5.7227595e-07,0.99605125,5.8292367e-06
1,He is buried at Frederiksberg Ældre Kirkegård in Copenhagen.,1.0093534e-08,0.00022608133,6.7108925e-07,5.097299e-10,0.9996476,0.0001255538
2,==,0.12487809,0.21344268,0.0013716145,0.0017026803,0.65860486,7.902394e-08
3,References ==,2.507712e-05,0.018098895,8.9650435e-05,0.06194967,4.4582564e-09,0.9198367
4,This article was initially translated from the Danish Wikipedia.,0.00073505496,1.1452017e-05,0.00022643541,1.9897602e-06,0.74029434,0.2587308
