,Sentence,Business meeting,Coincidence,Education,Music making,Personal life,Public celebration
0,Johannes Nicolaj Hansen   (20 February 1855 - 25 December 1932) was a Danish composer and violinist.,4.593619e-07,3.4389934e-06,0.001888226,4.255947e-10,0.998106,1.9231766e-06
1,==,0.12487809,0.21344268,0.0013716145,0.0017026803,0.65860486,7.902394e-08
2,Selected works ==,0.08180919,1.12205406e-07,0.043775737,0.8744149,1.504564e-08,2.3372058e-11
3,Brødrene Ranzau (skuespil 1887),1.7962516e-07,1.0880359e-06,2.2778874e-08,7.092939e-11,0.9999913,7.36012e-06
4,Den Anden April (skuespil 1887),1.7222299e-05,0.0015844237,2.902075e-10,2.7617855e-09,0.9983376,6.0723407e-05
5,Uden Midtpunkt (skuespil 1887),6.0700347e-07,0.0029560046,5.2571736e-10,1.556064e-10,0.99704343,3.031598e-08
6,Lette Dragoner (operette 1892),9.104918e-06,3.0498325e-06,2.1344333e-07,0.001446051,0.9985032,3.847715e-05
7,Daphnis og Chloe (operette 1905),4.0200885e-06,0.0832702,8.123837e-10,8.233862e-06,0.91476905,0.0019484962
8,Kongens Hjerte (skuespil 1913),2.9531883e-08,1.6023151e-06,1.1436419e-08,4.1445014e-07,0.999998,5.420949e-08
