,Sentence,Business meeting,Coincidence,Education,Music making,Personal life,Public celebration
0,"John Crossingham is a Canadian indie rock singer-songwriter based in Toronto, Ontario.",0.00017145181,7.264017e-06,0.0018342744,0.00018792339,0.71188164,0.28591743
1,He performs with the bands Raising the Fawn and Broken Social Scene.,0.00028247383,7.464667e-05,0.055742405,0.8026365,0.00036362943,0.14090031
2,==,0.12487809,0.21344268,0.0013716145,0.0017026803,0.65860486,7.902394e-08
3,References ==,2.507712e-05,0.018098895,8.9650435e-05,0.06194967,4.4582564e-09,0.9198367
