,Sentence,Business meeting,Coincidence,Education,Music making,Personal life,Public celebration
0,"Irene Sloan (19 September 1942, Los Angeles — 20 May 2008, Woodland Hills, California) was an American music critic and journalist and the founder of the Wagner Society of Southern California.",2.5082914e-05,6.0219e-09,0.00013331433,6.8876225e-09,0.008708378,0.9911333
1,"Along with her husband, Sherwin Sloan, she founded The Opera Quarterly in 1983.",1.2234108e-06,9.969705e-09,0.0020359706,0.00024604742,1.8256141e-07,0.99771655
2,The Sloans oversaw the publication for the first six volumes (1983–89).,0.00027865055,3.7503378e-07,0.0024083632,0.73505205,2.4029425e-06,0.2622582
3,==,0.12487809,0.21344268,0.0013716145,0.0017026803,0.65860486,7.902394e-08
4,References ==,2.507712e-05,0.018098895,8.9650435e-05,0.06194967,4.4582564e-09,0.9198367
