,Sentence,Business meeting,Coincidence,Education,Music making,Personal life,Public celebration
0,"Jens Vilhelm Pedersen, also known as Fuzzy (born 23 February 1939) is a Danish composer and musician.",6.016931e-07,0.000114820316,6.4971424e-09,1.1450368e-05,0.9990453,0.0008278577
1,"A student of Per Nørgård, Karlheinz Stockhausen, György Ligeti and Jan Bark.",4.971698e-06,2.1677445e-06,0.008003632,1.8999478e-08,0.9919757,1.3447406e-05
2,He taught music history and theory at the Royal Academy of Music in Aarhus until 1978.,2.5634753e-11,2.0384276e-11,0.99981064,1.9791104e-07,0.00018917312,2.3673745e-11
3,"His music spans a wide range of genre from jazz, over film music, to experimental electronic music.",0.038500357,0.012918926,0.014803507,0.008099494,0.9255185,0.00015925776
4,"In 1972, he composed the music for the Rainer Werner Fassbinder TV series Eight Hours Don't Make a Day under the pseudonym Jean Gepoint.",0.9611768,4.248956e-09,4.353896e-07,0.03881184,1.0324944e-05,5.2251835e-07
5,==,0.12487809,0.21344268,0.0013716145,0.0017026803,0.65860486,7.902394e-08
6,External links ==,0.00023526642,1.3075892e-06,6.913511e-10,2.5650536e-07,3.6421334e-08,0.9997632
7,Fuzzy biography from Naxos,1.9897218e-06,0.7008944,5.744848e-06,0.00072985364,0.26885593,0.029512078
8,Official website   (in Danish)  including CV in English,0.98807156,1.7133466e-07,0.00064607256,3.5544135e-06,0.0021787197,0.009099981
