,Sentence,Business meeting,Coincidence,Education,Music making,Personal life,Public celebration
0,"Manfred Preis (born 1954, in Hengersberg) is a German bass clarinetist and saxophonist.",7.1897566e-10,1.1597645e-07,4.5880576e-08,0.5439004,0.45608863,1.0740451e-05
1,Preis studied at the Munich Musikhochschule and the Orchestra Academy of the Berliner Philharmoniker.,9.552183e-11,1.1733486e-06,0.759086,0.15511824,0.08579369,9.302458e-07
2,He played clarinet in the Berlin Radio Symphony Orchestra.,2.9457833e-06,5.9945062e-09,3.324142e-05,0.9881124,0.011851266,1.0992832e-07
3,He plays bass clarinet in the Berlin Philharmonic.,0.3004287,3.7146155e-08,2.3624643e-06,0.003216623,0.6963521,1.3834824e-07
4,He also plays clarinet in Trio Berlin and the Winds of the Berlin Philharmonic.,1.5893822e-06,3.3848133e-09,0.00011301957,0.99948335,0.00040205586,7.7813875e-12
5,He teaches at the Hochschule für Musik of Nuremberg-Augsburg.,1.3852554e-10,4.818978e-10,1.0,2.6205603e-08,5.250399e-08,1.2622503e-09
6,"He also plays in the ensemble Bolero Berlin, which plays Latin American music.",6.767161e-05,3.589066e-05,0.016910918,0.98298556,8.086465e-09,1.5183993e-09
7,==,0.12487809,0.21344268,0.0013716145,0.0017026803,0.65860486,7.902394e-08
8,References ==,2.507712e-05,0.018098895,8.9650435e-05,0.06194967,4.4582564e-09,0.9198367
