,Sentence,Business meeting,Coincidence,Education,Music making,Personal life,Public celebration
0,"Matti Kärki, (born 13 December 1972) is a Swedish singer who is best known for his work with Dismember.",1.408601e-07,0.16246429,1.3602704e-06,1.347355e-05,0.83160794,0.005912795
1,"Before he joined Dismember in 1991, he was the singer in the Swedish band Carnage (1989-1990).",0.0028285175,0.0038016953,9.201694e-07,0.993254,0.00011125846,3.5029987e-06
2,The first band fronted by Kärki was Therion in 1989.,3.9268998e-05,2.0616808e-06,2.6163022e-08,0.9994553,0.00050332624,1.0689496e-10
3,He also appears with the Autopsy-inspired Murder Squad since 1993.,0.004421457,2.850444e-08,4.3275578e-11,0.9955782,2.8521205e-07,1.0548976e-10
4,"Furthermore, he was part of the experimental band Carbonized from 1988 to 1990.",0.001684219,0.14942357,0.3186145,0.24543132,0.18495427,0.099892184
5,"Kärki appeared as a guest-singer of Entombed and sang ""But Life Goes On"" on the Entombed show in Sala on 24 June 1990.",1.6160695e-09,0.9998417,8.3076185e-10,4.4115853e-07,8.511727e-08,0.00015771504
6,"Moreover, he was the bass player for General Surgery during 1988 to 1990, and joined again in early 2000 when the band was temporarily resurrected to record a song for the Carcass tribute album Requiems of Revulsion.",1.6418713e-05,0.7695668,1.1031688e-09,0.23041669,5.950792e-08,3.846e-11
7,==,0.12487809,0.21344268,0.0013716145,0.0017026803,0.65860486,7.902394e-08
8,References ==,2.507712e-05,0.018098895,8.9650435e-05,0.06194967,4.4582564e-09,0.9198367
