,Sentence,Business meeting,Coincidence,Education,Music making,Personal life,Public celebration
0,"Alain Goraguer (born 20 August 1931, Rosny-sous-Bois, Seine-Saint-Denis) is a French jazz pianist, sideman of Boris Vian and Serge Gainsbourg, arranger and composer.",0.034086306,0.0010252378,2.5289467e-08,0.09537578,0.8465372,0.02297549
1,"He composed for such films as 'La Planète Sauvage' (1973), La Vie de Bohème (1992), Deux jours à tuer (2008) and Saint Laurent (2014).",0.0055255084,0.0010046177,0.0005662687,0.99289703,6.508972e-06,1.8051695e-10
2,"He was the Composer/Arranger of music for Serge Gainsbourg, Jean Ferrat, Serge Reggiani and Nana Mouskouri.",0.0070889923,5.4973656e-12,3.7383515e-07,0.9928067,8.7021464e-05,1.6895256e-05
3,He reached his creative peak in the 1960s and 1970s.,4.5701985e-05,8.4440144e-05,1.8224567e-12,0.99986494,3.8161738e-07,4.545668e-06
4,"In 1965 he won the Eurovision Song Contest with France Gall and Serge Gainsbourg with ""Poupée de cire, poupée de son"".",0.056161147,0.0023419403,8.104527e-05,0.00087154773,9.592256e-05,0.9404484
5,==,0.12487809,0.21344268,0.0013716145,0.0017026803,0.65860486,7.902394e-08
6,Composer ==,0.7728631,1.1098107e-06,0.16202088,0.06447612,0.0004888139,0.00015002242
7,==,0.12487809,0.21344268,0.0013716145,0.0017026803,0.65860486,7.902394e-08
8,Soundtracks ==,5.2523985e-05,0.00035563935,1.7794699e-06,0.6630075,4.664036e-06,0.33657786
