,Sentence,Business meeting,Coincidence,Education,Music making,Personal life,Public celebration
0,"Ken Kempster (born September 18, 1975) is a Canadian musician.",3.6589416e-05,0.00025335627,2.1514045e-06,2.363843e-06,0.9997055,7.220765e-10
1,"Kempster has played drums in the Canadian punk rock bands wedontdomuch, Shovlhead, Swell Prod., The Showbusiness Giants (1993–1997), The Hanson Brothers (1993–1997), and NoMeansNo (1993–1997, serving as second drummer for live performances and their seventh full-length album The Worldhood of the World (As Such).)",0.00019723791,0.99934644,0.00019292909,0.000243469,1.994827e-05,9.445229e-13
2,==,0.12487809,0.21344268,0.0013716145,0.0017026803,0.65860486,7.902394e-08
3,References ==,2.507712e-05,0.018098895,8.9650435e-05,0.06194967,4.4582564e-09,0.9198367
4,==,0.12487809,0.21344268,0.0013716145,0.0017026803,0.65860486,7.902394e-08
5,External links ==,0.00023526642,1.3075892e-06,6.913511e-10,2.5650536e-07,3.6421334e-08,0.9997632
6,Official NoMeansNo and Hanson Brothers page,0.0043448107,0.034188807,0.0011008433,1.9108893e-05,0.0031469865,0.95719945
