,Sentence,Business meeting,Coincidence,Education,Music making,Personal life,Public celebration
0,"Andrea Brown (born May 21, 1982) is a pop, house and R&B singer from Brooklyn, US.",0.00071712746,0.004960466,0.049261454,0.03659939,0.8951477,0.013313876
1,She is also the cousin of singer Bobby Brown.,2.1589218e-05,9.173637e-05,0.017930392,0.019283267,0.021882627,0.94079036
2,"In 2001, she scored a #1 Hot Dance Music/Club Play track as the lead vocalist on Goldtrix's cover of Jill Scott's ""It's Love (Trippin')"".",0.0022189617,0.00037948074,3.9362253e-06,0.9973917,1.239121e-08,5.945082e-06
3,==,0.12487809,0.21344268,0.0013716145,0.0017026803,0.65860486,7.902394e-08
4,References ==,2.507712e-05,0.018098895,8.9650435e-05,0.06194967,4.4582564e-09,0.9198367
