,Sentence,Business meeting,Coincidence,Education,Music making,Personal life,Public celebration
0,"Lumumba Carson (August 4, 1956 – March 17, 2006), known by his stage names Baba Professor X the Overseer, Professor X, or PXO was born the son of Brooklyn-based activist Sonny Carson.",1.7045533e-08,5.178126e-10,0.9842515,4.142685e-05,0.0013479873,0.014359064
1,"Carson was a founding member of the hip hop group X Clan and was featured in nearly all songs on the albums To the East, Blackwards (1990) and Xodus (1992), before the group went on hiatus.",7.443064e-09,9.705262e-07,0.00012332018,0.99945194,0.00042381696,3.0250573e-09
2,"He released two solo albums:Years of the 9, on the Blackhand Side (1990) and Puss 'N Boots (The Struggle Continues...) (1993).",0.9665445,8.760502e-07,6.035659e-07,0.031533595,0.00046387274,0.0014564547
3,Carson died from complications associated with spinal meningitis in 2006.,1.2867217e-07,0.0031967503,5.2384166e-06,5.207373e-05,0.9967458,1.514375e-08
4,"He was survived by two daughters, Amanimelele Carson and Hebhyanza Wilkins.",8.588363e-11,3.982667e-09,9.7538894e-08,5.13476e-06,0.9999945,2.7289715e-07
5,==,0.12487809,0.21344268,0.0013716145,0.0017026803,0.65860486,7.902394e-08
6,Albums ==,0.001136306,1.8010606e-06,0.00016471524,4.3185096e-06,4.922225e-07,0.99869233
7,"Years of the 9, on the Blackhand Side (1990)",0.017181091,2.8775064e-06,2.6963853e-08,0.72711074,0.19528598,0.060419362
8,Puss 'N Boots (The Struggle Continues...) (1993),0.17230362,0.8197199,5.7761675e-09,1.4745672e-06,0.0008579296,0.007117009
