,Sentence,Business meeting,Coincidence,Education,Music making,Personal life,Public celebration
0,"Gilda Buttà (born July 29, 1959, in Patti, Sicily) is an Italian pianist.",0.046711348,1.0528662e-05,2.0268028e-07,0.0015091568,0.95176667,2.0857044e-06
1,"After studying piano at ""Giuseppe Verdi"" Conservatory in Milan, she won the Franz Liszt Prize in 1976, and started a concert pianist career.",0.004557269,5.637491e-06,0.9931727,0.002048248,0.00015046427,6.560972e-05
2,"She has recorded several film soundtracks, most notably that written by Academy Award-winning composer Ennio Morricone for Giuseppe Tornatore's film The Legend of 1900.",0.0033689118,0.013488394,0.046780046,0.92838866,1.6596063e-07,0.007973796
3,She was briefly married to French jazz pianist Michel Petrucciani.,2.3764601e-08,4.1644485e-05,4.2440884e-10,1.7221565e-06,0.023633543,0.97632307
4,==,0.12487809,0.21344268,0.0013716145,0.0017026803,0.65860486,7.902394e-08
5,References ==,2.507712e-05,0.018098895,8.9650435e-05,0.06194967,4.4582564e-09,0.9198367
6,==,0.12487809,0.21344268,0.0013716145,0.0017026803,0.65860486,7.902394e-08
7,External links ==,0.00023526642,1.3075892e-06,6.913511e-10,2.5650536e-07,3.6421334e-08,0.9997632
8,Gilda Buttà at IMDb,0.34149992,4.203417e-06,3.2322537e-06,0.00017798932,0.6582592,5.5457414e-05
