,Sentence,Business meeting,Coincidence,Education,Music making,Personal life,Public celebration
0,"Randall ""Ronnie"" Rogers (born in Nashville, Tennessee) is an American country music singer and songwriter.",2.4467914e-07,1.555417e-06,0.0038516647,0.0011116224,0.98623407,0.008800843
1,"In the late 1970s and early 1980s, Rogers charted eight singles on the Billboard country charts, including the top 40 hits ""Gonna Take My Angel Out Tonight"" and ""My Love Belongs to You.""",2.1778218e-05,3.384556e-08,7.806257e-08,6.237554e-06,0.00025033313,0.99972147
2,"He recorded for the Lifesong, Epic and MTM labels.",0.00035551013,0.00045959203,0.22084786,0.77833503,1.9304598e-06,2.6016297e-10
3,"Rogers has also co-written several singles for the band Alabama, including the Number One hits ""Dixieland Delight"" and ""Jukebox in My Mind.""",1.7768747e-06,1.10447566e-07,1.4243312e-07,0.9999976,1.781654e-07,2.6273696e-07
4,==,0.12487809,0.21344268,0.0013716145,0.0017026803,0.65860486,7.902394e-08
5,Singles ==,2.2881507e-06,0.82780266,9.394851e-07,7.509343e-06,0.16800407,0.004182558
6,==,0.12487809,0.21344268,0.0013716145,0.0017026803,0.65860486,7.902394e-08
7,References ==,2.507712e-05,0.018098895,8.9650435e-05,0.06194967,4.4582564e-09,0.9198367
