,Sentence,Business meeting,Coincidence,Education,Music making,Personal life,Public celebration
0,"Ramadan Sokoli (14 June 1920 – 12 March 2008) was an Albanian ethnomusicologist, musician, composer and writer.",7.5959204e-11,0.015608839,5.3483157e-10,1.0787735e-08,0.9841889,0.00020229227
1,He is regarded as one of the most distinguished scholars of the Albanian and Balkan music.,0.0012409805,0.038250946,0.04093459,0.13576835,0.78303504,0.00077012583
2,"Ramadan Sokoli was born on June 14, 1920 in Shkodër.",2.4143295e-08,2.4093948e-05,1.3551313e-10,7.4740775e-10,0.9999064,6.948788e-05
3,He graduated from the elementary and highschool of Shkodër before moving to Florence to study musicology.,1.284519e-07,0.00024349743,0.9996804,2.7795963e-05,4.821688e-05,3.692154e-08
4,After World War II he created and became the head of the department of musical folklore.,0.89604694,0.0067611793,7.039862e-05,0.097083114,3.7940325e-05,3.8508625e-07
5,Sokoli is considered to be a pioneer of Albanian ethnomusicology.,2.6700952e-11,0.000112225636,7.83953e-07,1.5597213e-07,0.998069,0.0018178428
6,His work on Ottoman music modes and practices in Balkan music has been regarded as one of the most important ones on the subject.,4.901288e-09,9.165396e-06,4.397143e-08,0.9999888,2.0769153e-06,5.5921157e-11
7,==,0.12487809,0.21344268,0.0013716145,0.0017026803,0.65860486,7.902394e-08
8,References ==,2.507712e-05,0.018098895,8.9650435e-05,0.06194967,4.4582564e-09,0.9198367
