,Sentence,Business meeting,Coincidence,Education,Music making,Personal life,Public celebration
0,"Josenid (born Josenid Adamaris Quintero Gallardo on 3 December 1998 in Chiriquí, Panama) is a child-genre singer from Panama.",5.4998745e-11,1.7749793e-09,1.7967748e-10,5.7920096e-11,0.9999999,1.3251235e-07
1,"Josenid started singing when she was 9 year old, while she was participating in a contest called Canta Conmigo in Panama.",0.8723867,0.05957171,0.008430525,0.03848864,0.00738699,0.01373541
2,Josenid placed 3rd.,4.3938773e-08,0.00084670563,2.5016159e-06,0.37632054,0.6193984,0.003431873
3,"After the festival Josenid collaborated with Makano and she recorded the song ""Su Nombre en mi Cuaderno"" (His Name in My Notebook), and her first single ""Amor de colegio"" (grade school Love) in 2010.",1.7618038e-06,0.0010131875,0.00021373134,0.99791914,0.00019291461,0.00065923616
4,Josenid after her song I love college 4 more songs and Josen said to be ready to create some more songs.,1.1623725e-06,2.217831e-06,0.94804883,0.051925298,2.2447544e-05,6.5180705e-10
5,==,0.12487809,0.21344268,0.0013716145,0.0017026803,0.65860486,7.902394e-08
6,Discography ==,0.9999943,1.2030798e-08,8.3584145e-10,5.3618996e-06,2.8147706e-09,3.2553942e-07
7,==,0.12487809,0.21344268,0.0013716145,0.0017026803,0.65860486,7.902394e-08
8,References ==,2.507712e-05,0.018098895,8.9650435e-05,0.06194967,4.4582564e-09,0.9198367
