,Sentence,Business meeting,Coincidence,Education,Music making,Personal life,Public celebration
0,"James Leroy O'Gwynn (January 26, 1928 – January 19, 2011) was an American country music singer.",2.481921e-08,4.765136e-06,1.514398e-08,0.0001741528,0.97614425,0.023676781
1,"Between 1958 and 1962, he recorded for the D and Mercury labels, charting six times on the Hot Country Songs charts.",0.00020045429,0.00016804115,6.9534343e-07,0.9996259,4.856644e-06,9.964594e-10
2,"His work on the D label was produced by Pappy Daily, best known for producing George Jones.",0.95654434,3.9716376e-08,4.5193734e-05,0.013017136,0.03039227,1.1742973e-06
3,"O'Gwynn's highest-peaking single came during his Mercury career, when he reached No. 7 with ""My Name Is Mud.""",1.2568344e-06,0.00017495622,2.318792e-14,0.9549901,0.04312566,0.0017079463
4,"None of his other singles afterward made the charts, and he moved among several labels, including United Artists Records and Plantation Records.",0.0065303966,0.9582658,6.249943e-05,0.034838486,4.6395103e-06,0.0002981835
5,==,0.12487809,0.21344268,0.0013716145,0.0017026803,0.65860486,7.902394e-08
6,Singles ==,2.2881507e-06,0.82780266,9.394851e-07,7.509343e-06,0.16800407,0.004182558
7,==,0.12487809,0.21344268,0.0013716145,0.0017026803,0.65860486,7.902394e-08
8,References ==,2.507712e-05,0.018098895,8.9650435e-05,0.06194967,4.4582564e-09,0.9198367
