,Sentence,Business meeting,Coincidence,Education,Music making,Personal life,Public celebration
0,Caroline Wichern (1836–1906) was a German music educator and composer.,1.1608755e-05,3.5091162e-07,0.1394506,0.070553124,0.7899843,3.243064e-10
1,==,0.12487809,0.21344268,0.0013716145,0.0017026803,0.65860486,7.902394e-08
2,Biography ==,0.35590583,3.5694214e-10,3.2671657e-11,9.202332e-11,5.127074e-05,0.64404285
3,Caroline Wichern was the eldest daughter of the Protestant theologian and social reformer Johann Hinrich Wichern.,2.4317771e-08,1.9654173e-05,0.8126999,0.16983779,0.017442508,1.4262203e-07
4,"She wrote and published songs including a collection of Christmas songs, and was associated with Brahms.",2.0848283e-08,1.2691747e-06,0.0024188783,0.9899296,0.00064642256,0.0070037637
5,"She worked until 1895 as a music teacher at Ellerslie College in Manchester, a school for kindergarten teachers.",0.004881711,0.0070290877,0.7852538,6.1749347e-07,0.115637586,0.08719721
6,==,0.12487809,0.21344268,0.0013716145,0.0017026803,0.65860486,7.902394e-08
7,References ==,2.507712e-05,0.018098895,8.9650435e-05,0.06194967,4.4582564e-09,0.9198367
