,Sentence,Business meeting,Coincidence,Education,Music making,Personal life,Public celebration
0,"Ole Brask (April 4, 1935 – March 23, 2009) was a Danish photographer who specialized in jazz photography.",1.2686088e-06,0.04361967,1.7637758e-07,1.572231e-10,0.9548361,0.0015428241
1,"There are two published collections of his work; Jazz People published in 1976 by H. N. Abrams, New York City and Ole Brask Photographs Jazz published in 1995 by Nieswand Verlag Germany.",7.635877e-06,0.03368453,2.019667e-09,4.4403882e-06,0.00047016478,0.9658332
2,==,0.12487809,0.21344268,0.0013716145,0.0017026803,0.65860486,7.902394e-08
3,References ==,2.507712e-05,0.018098895,8.9650435e-05,0.06194967,4.4582564e-09,0.9198367
4,==,0.12487809,0.21344268,0.0013716145,0.0017026803,0.65860486,7.902394e-08
5,External links ==,0.00023526642,1.3075892e-06,6.913511e-10,2.5650536e-07,3.6421334e-08,0.9997632
6,Masters of Jazz Photography,0.08358423,2.954771e-06,0.00069386454,2.1950255e-09,0.22776829,0.6879506
