,Sentence,Business meeting,Coincidence,Education,Music making,Personal life,Public celebration
0,"Mirjana Živković (1935, Split-2020, Belgrade) was a Serbian composer, musicologist and longtime professor at the Faculty of Music, University of Arts in Belgrade.",7.2809585e-11,0.00013980115,2.7740539e-06,2.543551e-07,0.9998555,1.72321e-06
1,"She is a member of the Serbian Composers' Association, and her compositions include Summer Night.",0.9359107,0.0012671822,0.0020448884,0.0005794524,0.05862052,0.0015772969
2,"She has published two text books on music, Harmony II and Instrumental Counterpoint and is the joint author of Krađa kulturnog i nacionalnog blaga Jugoslavije (Beograd : NIU ""Vojska"" ; Gornji Milanovac : NIP ""Dečje novine"", 1995).",1.0026264e-05,0.16103855,0.08459643,0.6886678,0.052546285,0.013140945
3,==,0.12487809,0.21344268,0.0013716145,0.0017026803,0.65860486,7.902394e-08
4,References ==,2.507712e-05,0.018098895,8.9650435e-05,0.06194967,4.4582564e-09,0.9198367
5,==,0.12487809,0.21344268,0.0013716145,0.0017026803,0.65860486,7.902394e-08
6,External links ==,0.00023526642,1.3075892e-06,6.913511e-10,2.5650536e-07,3.6421334e-08,0.9997632
7,Official website,0.0012255516,4.507715e-12,3.0528519e-10,4.2257152e-08,5.4052973e-12,0.99877435
