,Sentence,Business meeting,Coincidence,Education,Music making,Personal life,Public celebration
0,Margaret Essex (1775–1807) was an English composer of chamber and vocal music.,2.0049014e-05,3.128486e-08,2.6322734e-05,0.98878026,0.010963227,0.00021004987
1,Timothy Essex was her brother.,6.6127836e-07,0.0011302815,0.04855078,2.33144e-05,0.94853765,0.0017573368
2,"An example of her compositions is ""The Butterfly"", published in The first solos: songs by women composers.",7.3090774e-07,0.00023243159,1.945047e-06,0.99976367,1.1767954e-06,9.751796e-10
3,Volume I: high voice.,1.3702666e-08,3.1942525e-06,6.0838306e-06,0.99998784,2.857243e-06,1.2558243e-11
4,"from Bryn Mawr, PA: Hildegard Publishing Company, c2000.",6.314843e-11,0.0019761026,5.7824767e-05,5.1999475e-08,0.9956052,0.0023608014
5,==,0.12487809,0.21344268,0.0013716145,0.0017026803,0.65860486,7.902394e-08
6,References ==,2.507712e-05,0.018098895,8.9650435e-05,0.06194967,4.4582564e-09,0.9198367
