,Sentence,Business meeting,Coincidence,Education,Music making,Personal life,Public celebration
0,Julia Niewiarowska-Brzozowska (1827–1891) was a Polish Romantic era composer.,0.00027568714,2.0003725e-05,2.2568754e-06,9.404629e-07,0.999292,0.00040908143
1,She was born in Warsaw.,0.00017869222,5.7996607e-07,9.166224e-08,2.4602622e-07,0.99949753,0.00032283904
2,==,0.12487809,0.21344268,0.0013716145,0.0017026803,0.65860486,7.902394e-08
3,References ==,2.507712e-05,0.018098895,8.9650435e-05,0.06194967,4.4582564e-09,0.9198367
4,==,0.12487809,0.21344268,0.0013716145,0.0017026803,0.65860486,7.902394e-08
5,External links ==,0.00023526642,1.3075892e-06,6.913511e-10,2.5650536e-07,3.6421334e-08,0.9997632
6,Scores by Julia Niewiarowska-Brzozowska in digital library Polona,1.0092166e-08,0.00016025009,0.00016372302,0.99965703,6.823825e-07,1.8199446e-05
