,Sentence,Business meeting,Coincidence,Education,Music making,Personal life,Public celebration
0,Sophia Dellaporta (fl. after 1850) was a Greek composer.,3.5808984e-07,0.00037860926,0.012951987,0.001918866,0.9847477,2.490182e-06
1,"She published a musical titled Recueil in Leipzig in 1877, including eight songs.",1.4630089e-07,1.5252957e-06,0.0023640268,0.9854563,6.581434e-07,0.012177303
2,The collection won a prize at the Third Greek Composers' Competition conducted in Athens at the 1875 Olympic Exhibition.,4.6639743e-13,0.0003408962,8.6409315e-08,0.00026408758,0.00015431957,0.99924064
3,==,0.12487809,0.21344268,0.0013716145,0.0017026803,0.65860486,7.902394e-08
4,References ==,2.507712e-05,0.018098895,8.9650435e-05,0.06194967,4.4582564e-09,0.9198367
