,Sentence,Business meeting,Coincidence,Education,Music making,Personal life,Public celebration
0,Hedy Frank-Autheried (22 January 1902 – 24 March 1979) was an Austrian composer.,9.027815e-05,0.0010094732,4.8148246e-07,2.172449e-06,0.9987822,0.0001153943
1,"She studied music at the Vienna Academy, but was unable to further her education at that time.",4.1194004e-09,7.639789e-09,0.9999999,6.3901815e-08,6.686122e-11,7.1588156e-13
2,She married Ferdinand Frank and later studied composition with Camillo Horn.,1.0605613e-06,0.9772298,0.013335083,0.009353398,9.002228e-06,7.177575e-05
3,"After completing her studies, she worked as a composer.",0.10362538,0.00087698124,0.8571805,0.038317148,6.3887036e-08,3.1366614e-08
4,She died in Vienna.,2.1403578e-12,4.2273864e-06,0.0007644325,0.0005972294,0.9986338,2.0985486e-07
5,==,0.12487809,0.21344268,0.0013716145,0.0017026803,0.65860486,7.902394e-08
6,References ==,2.507712e-05,0.018098895,8.9650435e-05,0.06194967,4.4582564e-09,0.9198367
