,Sentence,Business meeting,Coincidence,Education,Music making,Personal life,Public celebration
0,"Mlle Guerin (born c. 1739, fl. 1755) was a French composer.",0.0019623877,0.00022545742,1.5861404e-07,0.00018771464,0.9976222,2.1851688e-06
1,"She composed an opera at age 16, titled Daphnis et Amalthée which was performed in Amiens in 1755.",0.010194281,0.011433614,0.00013943393,0.9736343,0.0038400437,0.0007584049
2,"An anonymous writer reporting the event in the Mercure de France described her as coming from the ""provinces"" and having a good education.",4.168174e-11,0.8767148,0.10581129,0.014439139,0.002975015,5.9655467e-05
3,==,0.12487809,0.21344268,0.0013716145,0.0017026803,0.65860486,7.902394e-08
4,References ==,2.507712e-05,0.018098895,8.9650435e-05,0.06194967,4.4582564e-09,0.9198367
