,Sentence,Business meeting,Coincidence,Education,Music making,Personal life,Public celebration
0,Rüya Taner (born 1971) is a Turkish Cypriot pianist.,0.7551614,1.830098e-07,1.2533069e-07,0.20720474,0.03763319,3.7711445e-07
1,"She was born in Germany and settled in Ankara, Turkey, in the early 1980s, where she studied at the State Conservatory.",6.629012e-06,6.954381e-07,0.0008868768,0.0016735893,0.9974136,1.8704419e-05
2,Taner is acknowledged as one of the leading Turkish pianists of the contemporary generation.,0.16020705,1.8914375e-07,4.2015547e-09,0.14028755,0.6995041,1.1533981e-06
3,==,0.12487809,0.21344268,0.0013716145,0.0017026803,0.65860486,7.902394e-08
4,References ==,2.507712e-05,0.018098895,8.9650435e-05,0.06194967,4.4582564e-09,0.9198367
5,==,0.12487809,0.21344268,0.0013716145,0.0017026803,0.65860486,7.902394e-08
6,External links ==,0.00023526642,1.3075892e-06,6.913511e-10,2.5650536e-07,3.6421334e-08,0.9997632
7,Official Website,0.0012255516,4.507715e-12,3.0528519e-10,4.2257152e-08,5.4052973e-12,0.99877435
8,About her recent performance (in German),0.9972414,1.5475194e-06,1.7665263e-07,0.002522193,5.3555414e-05,0.00018130976
