,Sentence,Business meeting,Coincidence,Education,Music making,Personal life,Public celebration
0,Ágúst Ævar Gunnarsson (Icelandic pronunciation: ​[ˈaːuɣust ˈaːivar ˈkʏnːarsɔn]; born 22 September 1976),3.5634187e-07,4.3039685e-14,3.199986e-08,7.0307227e-09,0.99999964,6.632975e-11
1,is a founding member of the Icelandic post-rock band Sigur Rós.,0.07087272,0.006681135,0.9224154,1.947383e-07,1.4038359e-05,1.652718e-05
2,He was the band's drummer from their creation in August 1994 until he quit in 1999 after the band finished Ágætis byrjun.,0.9999995,1.8453479e-09,3.111093e-09,4.933817e-07,2.047643e-08,1.4919537e-12
3,Orri Páll Dýrason took his place as drummer.,0.38899785,6.449883e-05,0.5948954,0.0045586056,0.011483598,2.0501556e-08
4,"The group became internationally popular with their subsequent albums, ( ) (2002) and Takk... (2005).",0.9995931,4.2090614e-06,1.0036942e-05,0.00039249912,2.081252e-07,2.7300409e-13
5,He went on to study graphic design.,3.985978e-06,3.6376807e-06,0.99999046,1.3353709e-08,1.9422919e-06,6.0521595e-11
6,==,0.12487809,0.21344268,0.0013716145,0.0017026803,0.65860486,7.902394e-08
7,References ==,2.507712e-05,0.018098895,8.9650435e-05,0.06194967,4.4582564e-09,0.9198367
