,Sentence,Business meeting,Coincidence,Education,Music making,Personal life,Public celebration
0,Le Sénéchal de Kerkado (c. 1786 – c. 1805) was a French composer.,7.8437415e-06,3.167034e-06,0.0017636323,0.011696218,0.9865161,1.3014406e-05
1,"She had her first opera performed at the age of nineteen; La méprise volontaire ou La double leçon (1805), with libretto by Alexandre Duval, was produced at the Opéra-Comique in Paris on June 5, 1805.",0.99344844,0.0006802409,8.429892e-06,0.0057112905,1.5725417e-08,0.00015153046
2,==,0.12487809,0.21344268,0.0013716145,0.0017026803,0.65860486,7.902394e-08
3,References ==,2.507712e-05,0.018098895,8.9650435e-05,0.06194967,4.4582564e-09,0.9198367
