,Sentence,Business meeting,Coincidence,Education,Music making,Personal life,Public celebration
0,Ioan Luchian Mihalea (Romanian pronunciation:,1.5131521e-08,1.2158487e-13,4.240704e-09,0.0040285788,0.9959714,2.7057983e-11
1,"[iˈo̯an lukiˈan miˈhale̯a]; b. 1951, Ocnele Mari – d. 29 November 1993, Bucharest) was a Romanian composer, conductor and television producer.",0.13817734,5.10311e-07,8.3994436e-08,0.014023107,0.83625305,0.011545916
2,He was the founder and leader of the vocal group Song and the children's choir Minisong.,9.810486e-08,9.4373394e-07,4.863428e-07,0.00018059507,0.9998179,2.1199986e-09
3,"On 29 November 1993, Mihalea was murdered in his apartment in the Drumul Taberei neighborhood of Bucharest by Nelu Florian Gavrilă and Ionel Păun.",4.8466946e-09,1.6510192e-05,1.1353586e-11,1.4589734e-06,0.999982,5.1649507e-09
4,The motive for the crime was robbery.,0.98774606,0.0031808414,0.0013501756,0.00768313,3.75145e-05,2.213715e-06
5,The criminals were sentenced to life imprisonment.,6.05096e-05,0.88204,0.11789026,8.597881e-06,4.294793e-09,5.8450144e-07
6,"Mihalea is buried in Bellu cemetery, Bucharest.",2.3725375e-09,0.00012916418,3.2094738e-09,0.0002625986,0.99960774,4.4785563e-07
7,==,0.12487809,0.21344268,0.0013716145,0.0017026803,0.65860486,7.902394e-08
8,Sources ==,0.007645562,0.3143481,1.254729e-05,0.0016880321,0.0007003267,0.6756055
