,Sentence,Business meeting,Coincidence,Education,Music making,Personal life,Public celebration
0,Yelena Sergeyevna Konshina (born 9 January 1950) is a Russian composer and music educator.,0.03622701,3.392637e-05,0.04202225,0.820913,0.093875185,0.0069286036
1,"She was born in Kirovgrad, Sverdlovsk (Yekaterinburg), and lives and works in Vladimir.",0.02670619,0.012321403,0.008625827,0.0035233821,0.9273669,0.021456225
2,"Konshina is noted for a cappella choral works, but also composes for orchestra, chamber ensemble and piano.",4.5625274e-12,1.744372e-10,6.2952824e-07,0.9999994,1.9503017e-10,2.3903145e-15
3,Her compositions are influenced by sacred works and Russian folk music.,1.486719e-05,0.0007634422,0.032451432,0.96631694,0.00044409005,9.199285e-06
4,==,0.12487809,0.21344268,0.0013716145,0.0017026803,0.65860486,7.902394e-08
5,References ==,2.507712e-05,0.018098895,8.9650435e-05,0.06194967,4.4582564e-09,0.9198367
