,Sentence,Business meeting,Coincidence,Education,Music making,Personal life,Public celebration
0,Florentina Mallá (14 July 1891 – 7 June 1973) was a Czech composer and pianist.,0.00014433984,1.9863607e-07,1.895518e-07,0.0024632388,0.99739206,6.774122e-09
1,She studied piano with Josef Jiránek at the Prague Conservatory.,6.238525e-08,6.130608e-07,0.8257847,0.0004942291,0.17372036,2.047986e-10
2,"After graduating in 1913, she studied composition privately with Vítězslav Novák.",3.8052073e-07,0.0014978689,0.98408693,3.6213507e-05,3.1030836e-06,0.014375591
3,She stopped composing during the communist years.,0.36187264,0.016924316,0.017368188,0.6038301,1.6378908e-07,4.580247e-06
4,"Her works include didactic piano compositions, a sonatina and preludium for piano and about fifty songs.",5.8724146e-07,4.147954e-09,0.000983898,0.99901533,1.5577409e-07,1.7744666e-09
5,She died in Prague.,1.0556026e-09,7.593478e-07,2.5578167e-05,0.0020852585,0.997888,3.9945806e-07
6,==,0.12487809,0.21344268,0.0013716145,0.0017026803,0.65860486,7.902394e-08
7,References ==,2.507712e-05,0.018098895,8.9650435e-05,0.06194967,4.4582564e-09,0.9198367
