,Sentence,Business meeting,Coincidence,Education,Music making,Personal life,Public celebration
0,Charlotte von Brandenstein (1754–1813) was a German composer.,4.5376953e-07,1.2408646e-05,5.487653e-09,6.323237e-05,0.99992394,3.0920394e-10
1,She was born in Schorndorf and studied in Mannheim with Abbe Vogler.,2.2120453e-08,0.25468504,0.00058475055,0.0005512009,0.68090695,0.063272044
2,She died in Berlin.,3.9249928e-10,0.00014719905,0.0035418079,0.0006316258,0.995523,0.00015640221
3,Von Brandenstein composed mainly for piano and violin.,2.7939543e-06,0.00023702215,1.783203e-07,0.9914725,0.008287417,1.4852248e-09
4,Selected works include:,2.4444793e-07,2.210289e-05,1.7504672e-06,0.9999759,5.3918252e-11,5.5191812e-08
5,Clavier Sonate in D,0.37481436,0.03112313,0.26394585,0.28273487,0.047353406,2.8449072e-05
6,==,0.12487809,0.21344268,0.0013716145,0.0017026803,0.65860486,7.902394e-08
7,References ==,2.507712e-05,0.018098895,8.9650435e-05,0.06194967,4.4582564e-09,0.9198367
