,Sentence,Business meeting,Coincidence,Education,Music making,Personal life,Public celebration
0,Ernests Vīgners (18 January 1850 – 25 May 1933) was a Latvian composer and conductor.,2.0627243e-11,1.4972588e-09,1.8499437e-13,4.292931e-08,0.9999999,1.7719756e-07
1,He graduated from Irlava Teachers' Seminary and went on to study with Rimsky-Korsakov.,1.14908305e-10,2.5507752e-08,1.0,3.3811456e-10,5.7327446e-12,5.9779057e-12
2,"His son Leonīds Vīgners was assistant conductor to Leo Blech 1937–1939, and later director of the Latvian National Opera 1944–49.",3.769856e-07,1.5435285e-08,1.13850466e-11,4.5660595e-06,0.999995,3.0266534e-10
3,Vīgners received the Order of the Three Stars 3rd Class in 1926.,9.598158e-09,0.0018652497,0.01978192,0.19952433,0.7738597,0.0049688127
4,He was interred at Riga Cemetery.,4.6338723e-12,1.2110329e-05,8.340365e-10,1.0257397e-09,0.98479813,0.015189771
5,==,0.12487809,0.21344268,0.0013716145,0.0017026803,0.65860486,7.902394e-08
6,References ==,2.507712e-05,0.018098895,8.9650435e-05,0.06194967,4.4582564e-09,0.9198367
