,Sentence,Business meeting,Coincidence,Education,Music making,Personal life,Public celebration
0,"Lofton Alfonso Cooper (1911 – October 5, 1981) was an American jazz saxophonist and clarinetist.",0.005716525,0.50752366,2.6471174e-05,0.019652756,0.13789873,0.32918176
1,He founded the Savoy Sultans and was their leader from 1937 to 1946.,0.0003470465,2.0748642e-08,8.000749e-05,0.26320487,0.73636806,2.124544e-10
2,He was the half-brother of Grachan Moncur II.,3.7784179e-10,4.3641285e-05,5.277839e-10,5.6460616e-05,0.99989986,9.2138924e-10
3,==,0.12487809,0.21344268,0.0013716145,0.0017026803,0.65860486,7.902394e-08
4,References ==,2.507712e-05,0.018098895,8.9650435e-05,0.06194967,4.4582564e-09,0.9198367
5,==,0.12487809,0.21344268,0.0013716145,0.0017026803,0.65860486,7.902394e-08
6,External links ==,0.00023526642,1.3075892e-06,6.913511e-10,2.5650536e-07,3.6421334e-08,0.9997632
7,cmt.com,0.0001524616,0.0012975306,7.9949686e-10,0.0040181936,0.64883,0.34570184
