,Sentence,Business meeting,Coincidence,Education,Music making,Personal life,Public celebration
0,Barry Mitterhoff is a musician who plays mandolin.,5.2687818e-05,1.3059176e-08,2.5993743e-10,0.023479912,0.97646743,1.0598723e-08
1,"He is a former member of Skyline, Silk City, Bottle Hill, and Hot Tuna.",0.097302094,8.692817e-08,2.311528e-07,0.9021993,0.00049595465,2.367418e-06
2,"Played with Peter Rowan, Tex Logan and Lamar Greer in The Green Grass Gringos.",2.0101241e-07,4.5277922e-08,0.00019438208,0.9998054,5.1240402e-08,1.058799e-10
3,"Mitterhoff is also known as a film score producer, contributing to film soundtracks, including You've Got Mail.",0.33949316,4.6876483e-08,0.03148611,0.6287906,0.00023000858,1.3631428e-08
4,"He worked on the soundtrack for O Brother, Where Art Thou?, but his work was not included in the released version.",2.9575343e-05,0.014042194,0.0030583404,0.9828682,3.0047545e-10,1.7860539e-06
5,==,0.12487809,0.21344268,0.0013716145,0.0017026803,0.65860486,7.902394e-08
6,References ==,2.507712e-05,0.018098895,8.9650435e-05,0.06194967,4.4582564e-09,0.9198367
