,Sentence,Business meeting,Coincidence,Education,Music making,Personal life,Public celebration
0,"Edward Abraham Snyder (February 22, 1919 – March 10, 2011) was an American composer and songwriter.",0.00011423555,3.3479373e-05,0.77841884,0.0012180954,0.22015809,5.727736e-05
1,"Snyder is credited with co-writing the English language lyrics and music for Frank Sinatra's 1966 hit, ""Strangers in the Night"".",1.2014992e-06,1.7212828e-05,5.5268887e-05,0.9999261,2.334786e-07,4.609836e-09
2,"Snyder was born in New York City on February 22, 1919.",0.007517105,0.001073668,0.00022773119,0.061057135,0.9294624,0.0006620663
3,He studied piano at the Juilliard School before taking a job as a songwriter at the Brill Building.,0.5970348,0.23962727,0.08090102,0.06940137,0.011991149,0.0010442738
4,"Eddie Snyder died on March 10, 2011, in Lakeland, Florida, at the age of 92.",0.00014423819,0.00018990587,0.004347945,3.383671e-05,0.99432003,0.0009640759
5,==,0.12487809,0.21344268,0.0013716145,0.0017026803,0.65860486,7.902394e-08
6,References ==,2.507712e-05,0.018098895,8.9650435e-05,0.06194967,4.4582564e-09,0.9198367
