,Sentence,Business meeting,Coincidence,Education,Music making,Personal life,Public celebration
0,"Francis ""Frank"" Healy (born in Handsworth, Birmingham, England) is a former Napalm Death guitarist.",0.002505992,3.0995686e-06,0.0026740627,0.9869937,0.007823168,1.4571918e-07
1,Healy also was the bass player for Cerebral Fix.,0.9350966,4.6830177e-05,1.329064e-06,0.064855196,4.62398e-09,1.10595364e-13
2,He also played bass in the first live Anaal Nathrakh session for the John Peel show.,0.004052437,2.289929e-05,3.5289793e-10,0.9959235,1.1672164e-06,3.8594263e-14
3,He was the bassist in the band Benediction from 1991 until 2017.,0.9287961,6.7185607e-07,1.3961493e-06,0.071199715,9.852381e-07,9.575693e-07
4,He's currently in Sacrilege since 2014 as well as in Memoriam since 2016.,9.5881136e-05,1.8872671e-06,0.003561182,0.98333955,1.8673551e-06,0.01299963
5,==,0.12487809,0.21344268,0.0013716145,0.0017026803,0.65860486,7.902394e-08
6,References ==,2.507712e-05,0.018098895,8.9650435e-05,0.06194967,4.4582564e-09,0.9198367
