,Sentence,Business meeting,Coincidence,Education,Music making,Personal life,Public celebration
0,Tony Hewitt is an English house music DJ and producer.,0.3283085,2.7201426e-07,0.21278775,0.32819906,0.047055304,0.083649136
1,==,0.12487809,0.21344268,0.0013716145,0.0017026803,0.65860486,7.902394e-08
2,References ==,2.507712e-05,0.018098895,8.9650435e-05,0.06194967,4.4582564e-09,0.9198367
3,==,0.12487809,0.21344268,0.0013716145,0.0017026803,0.65860486,7.902394e-08
4,External links ==,0.00023526642,1.3075892e-06,6.913511e-10,2.5650536e-07,3.6421334e-08,0.9997632
5,Tony Hewitt discography at Discogs,0.9939774,1.00843344e-07,1.0705699e-06,0.0058613997,3.4108228e-07,0.00015963805
