,Sentence,Business meeting,Coincidence,Education,Music making,Personal life,Public celebration
0,"Robert Anthony ""Tony"" Fell (27 December 1931, Liverpool – 6 December 2011) was a British businessman and musician.",5.5075766e-08,0.0060927486,2.0471286e-07,3.7743902e-08,0.9937915,0.00011554587
1,"Fell worked for various firms, including ICI in the 1950s, becoming Managing Director of Hortors Printers from 1968–74, and Managing Director of Boosey & Hawkes Music Publishers 1974–96.",0.00020512387,0.014142288,0.0002784597,4.4888798e-06,3.3439612e-06,0.98536634
2,"He founded the Johannesburg Bach Choir, which he conducted 1964–74.",3.886714e-06,8.293581e-05,0.0024473476,0.99700445,4.135093e-06,0.00045718788
3,"He was Chair of the Royal Philharmonic Society 1997–2005: the Society awarded him an Honorary Membership, which it rarely bestows, in 2011.",0.00042310095,1.5758093e-09,2.4611953e-05,1.4091202e-06,2.1936049e-07,0.99955064
4,==,0.12487809,0.21344268,0.0013716145,0.0017026803,0.65860486,7.902394e-08
5,References ==,2.507712e-05,0.018098895,8.9650435e-05,0.06194967,4.4582564e-09,0.9198367
6,==,0.12487809,0.21344268,0.0013716145,0.0017026803,0.65860486,7.902394e-08
7,External links ==,0.00023526642,1.3075892e-06,6.913511e-10,2.5650536e-07,3.6421334e-08,0.9997632
8,Tony Fell profile at Debrett's website,1.2529877e-05,0.0002722985,1.8276461e-08,8.302637e-11,0.00051035377,0.9992048
