,Sentence,Business meeting,Coincidence,Education,Music making,Personal life,Public celebration
0,"Glen Leon Dallin Jr. (March 26, 1918 Silver City, Utah – December 31, 1993) was an American music theorist whose primary work was Techniques of Twentieth Century Composition: A Guide to the Materials of Modern Music.",3.2843552e-08,0.00755467,0.0003431358,0.006289603,0.9854563,0.00035624628
1,Dallin was born in Utah.,7.0593795e-11,7.010427e-08,1.1196899e-08,9.809782e-08,0.99999976,3.0619457e-08
2,"He received his bachelor's and master's degrees in music from Eastman School of Music and a Ph.D. from The University of California, Berkeley.",4.95292e-08,2.100744e-09,1.0,2.8285293e-11,2.5233657e-09,1.3685632e-10
3,"He then was a professor at Brigham Young University from 1948-1955 and at California State University, Long Beach from 1955 to 1983.",4.5763324e-12,2.2049087e-09,0.9999994,7.3141056e-11,4.004825e-08,6.520942e-07
4,==,0.12487809,0.21344268,0.0013716145,0.0017026803,0.65860486,7.902394e-08
5,References ==,2.507712e-05,0.018098895,8.9650435e-05,0.06194967,4.4582564e-09,0.9198367
6,==,0.12487809,0.21344268,0.0013716145,0.0017026803,0.65860486,7.902394e-08
7,Sources ==,0.007645562,0.3143481,1.254729e-05,0.0016880321,0.0007003267,0.6756055
8,"Leon Dallin Collection at Sibley Music Library, Eastman School of Music",3.7769613e-07,0.9954396,4.266806e-08,0.0013209218,0.0032192147,2.0047662e-05
