,Sentence,Business meeting,Coincidence,Education,Music making,Personal life,Public celebration
0,"Isaac Musekiwa (c. 1930 – 1991) was a soukous recording artist and saxophonist, in the Democratic Republic of the Congo (DRC).",1.2105126e-09,0.0049375403,0.0027253076,2.1947455e-05,0.9923152,3.3231874e-08
1,"He was once a member of the soukous band TPOK Jazz, led by François Luambo Makiadi, which dominated the Congolese music scene from the 1950s through the 1980s.",0.2498969,0.0069831265,0.0004305925,0.60790384,0.13461585,0.00016967914
2,==,0.12487809,0.21344268,0.0013716145,0.0017026803,0.65860486,7.902394e-08
3,Overview ==,0.14644665,1.084715e-06,0.00052495353,0.17547143,9.0901057e-07,0.677555
4,"Musekiwa was born and grew up in Southern Rhodesia (now Zimbabwe), before he migrated to Congo-Kinshasa.",0.0014650793,0.5961822,0.31520995,0.0019729128,0.085169755,5.6589215e-08
5,He became good friends with Franco and is one of those who constantly played with him all those years.,0.037104476,0.06544036,2.7379874e-06,0.8974524,2.7481264e-10,1.7340018e-10
6,Musekiwa died in 1991.,1.9180121e-05,1.0605894e-07,7.8267607e-07,7.1567985e-07,0.999979,2.1800145e-07
