,Sentence,Business meeting,Coincidence,Education,Music making,Personal life,Public celebration
0,"Rondot Kassongo, is a soukous recording artist and saxophonist, in the Democratic Republic of the Congo (DRC).",8.7090524e-07,1.3272002e-05,2.4142191e-06,0.0003545621,0.9996289,1.0084556e-11
1,"He was once a member of the soukous band TPOK Jazz, led by François Luambo Makiadi, which dominated the Congolese music scene from the 1950s through the 1980s.",0.2498969,0.0069831265,0.0004305925,0.60790384,0.13461585,0.00016967914
2,==,0.12487809,0.21344268,0.0013716145,0.0017026803,0.65860486,7.902394e-08
3,External links ==,0.00023526642,1.3075892e-06,6.913511e-10,2.5650536e-07,3.6421334e-08,0.9997632
4,Overview of Composition of TPOK Jazz,1.6447917e-05,0.004092375,0.00025206653,0.0059303753,0.98969334,1.5491374e-05
