,Sentence,Business meeting,Coincidence,Education,Music making,Personal life,Public celebration
0,Jeff Pollack is an American music executive and media director.,0.9887567,4.593543e-05,0.010912282,1.1260293e-08,0.00015481653,0.0001302232
1,"He is currently the CEO of Pollack Media Group, a media and music consulting agency.",0.6177182,6.815434e-05,0.2271925,3.2978508e-07,0.0010626965,0.15395814
2,==,0.12487809,0.21344268,0.0013716145,0.0017026803,0.65860486,7.902394e-08
3,Career ==,1.0,4.755348e-13,2.1761231e-17,4.5407227e-19,9.245165e-14,7.685994e-12
4,He served as program director at WMMR.,0.2795145,4.3635985e-08,0.00047949146,1.3188028e-05,0.037605636,0.6823872
5,"In 1981, he founded Pollack Media Group.",0.02738248,1.945691e-05,3.7990783e-06,4.235758e-06,0.14132363,0.83126634
6,"In 2015, Pollack was a producer on the HBO film about Frank Sinatra, All or Nothing At All.",0.5721746,0.002647344,1.076538e-05,0.41591623,0.006419134,0.0028318835
7,==,0.12487809,0.21344268,0.0013716145,0.0017026803,0.65860486,7.902394e-08
8,References ==,2.507712e-05,0.018098895,8.9650435e-05,0.06194967,4.4582564e-09,0.9198367
