,Sentence,Business meeting,Coincidence,Education,Music making,Personal life,Public celebration
0,"Loretta Thompson-Glickman (May 23, 1945 - March 18, 2001) was the first African-American Mayor of Pasadena, California.",4.388489e-07,4.350396e-10,4.000168e-09,1.2243234e-08,0.00019038656,0.9998092
1,==,0.12487809,0.21344268,0.0013716145,0.0017026803,0.65860486,7.902394e-08
2,Career ==,1.0,4.755348e-13,2.1761231e-17,4.5407227e-19,9.245165e-14,7.685994e-12
3,Glickman was a jazz singer and toured with the New Christy Minstrels before retiring from the entertainment industry in 1975 to start a family.,0.9999701,6.0129818e-12,1.9507849e-09,1.6559508e-07,2.6473204e-05,3.3720578e-06
4,"In 1977, she became the first black woman elected as a Pasadena city director.",3.087893e-06,1.5732965e-05,0.00041291822,1.0411571e-06,9.2057564e-07,0.99956626
5,"Four years later, she became the city's first black vice mayor, before becoming mayor in 1982.",3.500747e-06,2.733398e-06,2.7982813e-07,0.09106813,5.287243e-05,0.90887254
6,==,0.12487809,0.21344268,0.0013716145,0.0017026803,0.65860486,7.902394e-08
7,References ==,2.507712e-05,0.018098895,8.9650435e-05,0.06194967,4.4582564e-09,0.9198367
