,Sentence,Business meeting,Coincidence,Education,Music making,Personal life,Public celebration
0,"Samson G Balfour Smith (born Samson Gazagnes Balfour-Smith) is a French/British electronic musician, record producer and live performance artist.",0.06717045,2.1278456e-05,5.1908382e-06,0.0041458607,0.9286571,8.787406e-08
1,==,0.12487809,0.21344268,0.0013716145,0.0017026803,0.65860486,7.902394e-08
2,Musical life ==,2.2893926e-05,0.9999753,1.6436393e-06,7.807416e-09,1.5753459e-07,8.231e-09
3,"Also known under the name of 138 Samson on the Berlin record label Bpitch control, where he was signed by Ellen Allien in 2004.",0.99979025,2.523037e-10,1.7175845e-10,0.00020737381,2.3496493e-06,1.4529201e-11
4,"Smith lives and performs in Berlin, beside performing all over the globe.",0.02574936,0.8066385,0.08529892,0.0010814772,0.059184648,0.022046953
5,"Between 2011 and 2012, Smith built his own virtual instruments, to perform under the name SCREEN NOISE project.",1.7058692e-08,0.00045454444,4.0215e-08,0.979365,0.020180294,6.951167e-08
6,==,0.12487809,0.21344268,0.0013716145,0.0017026803,0.65860486,7.902394e-08
7,References ==,2.507712e-05,0.018098895,8.9650435e-05,0.06194967,4.4582564e-09,0.9198367
