,Sentence,Business meeting,Coincidence,Education,Music making,Personal life,Public celebration
0,"Roby Lakatos (born 1965) is a violinist from Hungary who combines jazz, classical, and Hungarian Romani music.",3.785081e-07,0.0005812446,6.040071e-10,0.0024645436,0.99695385,4.0311154e-09
1,==,0.12487809,0.21344268,0.0013716145,0.0017026803,0.65860486,7.902394e-08
2,==,0.12487809,0.21344268,0.0013716145,0.0017026803,0.65860486,7.902394e-08
3,References ==,2.507712e-05,0.018098895,8.9650435e-05,0.06194967,4.4582564e-09,0.9198367
4,==,0.12487809,0.21344268,0.0013716145,0.0017026803,0.65860486,7.902394e-08
5,External links ==,0.00023526642,1.3075892e-06,6.913511e-10,2.5650536e-07,3.6421334e-08,0.9997632
6,Official site,0.00010639902,2.473917e-10,3.9114192e-10,1.2280146e-08,9.812631e-12,0.99989355
7,Museum of European Art article,2.5930365e-06,0.11747294,0.004157826,3.4208465e-08,0.87828326,8.334202e-05
