,Sentence,Business meeting,Coincidence,Education,Music making,Personal life,Public celebration
0,Poul Jørgensen (26 October 1934 – 2003) was a Danish conductor who won first prize in the International Besançon Competition for Young Conductors.,0.000113941394,7.149304e-06,0.0006636544,2.0664037e-10,0.013659185,0.98555607
1,He led the University Choir Lille MUKO of the University of Copenhagen.,1.403325e-10,1.7537523e-07,0.9999994,6.731773e-08,3.058152e-07,1.8647892e-10
2,==,0.12487809,0.21344268,0.0013716145,0.0017026803,0.65860486,7.902394e-08
3,References ==,2.507712e-05,0.018098895,8.9650435e-05,0.06194967,4.4582564e-09,0.9198367
4,==,0.12487809,0.21344268,0.0013716145,0.0017026803,0.65860486,7.902394e-08
5,External links ==,0.00023526642,1.3075892e-06,6.913511e-10,2.5650536e-07,3.6421334e-08,0.9997632
6,biography,0.0009237099,6.753639e-10,1.4054218e-10,1.1465762e-12,2.2238176e-08,0.99907625
