,Sentence,Business meeting,Coincidence,Education,Music making,Personal life,Public celebration
0,"Joey Matenga Ashton (3 June 1907–8 November 1993) was a New Zealand  railway worker, sportsman, dance band leader.",2.0674841e-05,4.753998e-06,2.7222447e-09,1.0191903e-05,0.5727118,0.42725253
1,"Of Moriori and Māori descent, he identified with the Ngati Kahungunu and Ngati Mamoe iwi.",7.1174894e-05,0.0028766803,0.03609902,0.4436142,0.5172784,6.05515e-05
2,"He was born in Greytown, Wairarapa, New Zealand on 3 June 1907.",0.0038372227,2.3971866e-10,8.4138184e-05,0.007567831,0.9885107,5.241238e-08
3,He was the son of Te Ao Ahitana Matenga (Joseph Ashton) and Kiti Karaka Riwai.,5.0400604e-11,1.39180045e-08,6.232307e-10,0.00013759937,0.9998623,4.3903312e-10
4,==,0.12487809,0.21344268,0.0013716145,0.0017026803,0.65860486,7.902394e-08
5,References ==,2.507712e-05,0.018098895,8.9650435e-05,0.06194967,4.4582564e-09,0.9198367
