,Sentence,Business meeting,Coincidence,Education,Music making,Personal life,Public celebration
0,"Eugene Bianco (March 29, 1927 – May 7, 2007), known professionally as Bianco, was a harpist who recorded for RCA Victor Records.",1.2302442e-07,0.97314733,3.9330534e-06,0.024884323,3.6543104e-05,0.0019277425
1,==,0.12487809,0.21344268,0.0013716145,0.0017026803,0.65860486,7.902394e-08
2,Discography ==,0.9999943,1.2030798e-08,8.3584145e-10,5.3618996e-06,2.8147706e-09,3.2553942e-07
3,With Ruth Brown,2.7437532e-15,2.9163596e-13,7.838051e-15,0.99999976,2.2093785e-07,3.5228103e-13
4,"Ruth Brown '65 (Mainstream, 1965)",2.4701661e-05,0.00035067232,2.4226934e-05,0.5901725,0.13620773,0.27322006
5,==,0.12487809,0.21344268,0.0013716145,0.0017026803,0.65860486,7.902394e-08
6,References ==,2.507712e-05,0.018098895,8.9650435e-05,0.06194967,4.4582564e-09,0.9198367
