,Sentence,Business meeting,Coincidence,Education,Music making,Personal life,Public celebration
0,Oskar Nilsson (born 1 December 1988) is a Swedish drummer.,1.3692447e-07,8.5921045e-08,1.5160083e-06,6.0058096e-07,0.9999976,7.711796e-11
1,==,0.12487809,0.21344268,0.0013716145,0.0017026803,0.65860486,7.902394e-08
2,Involved bands ==,3.9766462e-07,1.4192035e-05,6.9010025e-10,0.99998546,6.744219e-09,6.1243666e-12
3,Engel,0.07825602,2.0794016e-05,0.100964755,1.3119511e-07,0.8207582,1.3311303e-07
4,Saint Deamon,0.09853754,0.0011542042,0.42607468,0.010766945,0.46346664,1.6521404e-09
5,Miseration,0.060111456,0.00014526432,0.7684648,2.0918068e-07,0.17077398,0.00050427776
6,Oh Hiroshima,3.138174e-07,0.09511874,2.5303298e-06,0.755733,0.14914533,2.4660187e-12
7,==,0.12487809,0.21344268,0.0013716145,0.0017026803,0.65860486,7.902394e-08
8,References ==,2.507712e-05,0.018098895,8.9650435e-05,0.06194967,4.4582564e-09,0.9198367
