,Sentence,Business meeting,Coincidence,Education,Music making,Personal life,Public celebration
0,Mary Rowell is an American violinist based in New York City.,0.975255,7.287087e-05,0.013024615,2.3057217e-05,0.011265159,0.00035928193
1,In 1998 Rowell co-founded the string quartet ETHEL.,0.9950824,7.616419e-08,0.0048692166,5.1751736e-06,3.2709035e-09,4.3056025e-05
2,"She retired from the group in 2011 but continues to be very active in the downtown New York music community, where she is known as an electric violin soloist.",0.9999558,8.1233453e-10,2.3229363e-06,4.2006483e-05,2.96918e-10,2.005813e-09
3,She is a frequent participant in the Tribeca New Music Festival.,6.1424034e-05,0.8123198,0.00056713406,0.18447645,0.00032398626,0.002251186
4,"Prior to ETHEL, Rowell was a member of the indie band The Silos and the Grammy Award-winning Tango Project.",0.98481846,1.3947546e-08,9.167347e-05,4.426603e-06,2.9572733e-11,0.01508542
5,Rowell's best known solo work is her performance of Maxwell’s Demon by Richard Einhorn .,0.004019196,3.5496287e-05,0.0005594417,0.99260676,1.0829937e-05,0.0027682262
6,She is a graduate of the Juilliard School.,0.0022625257,2.3468461e-05,0.0041168383,0.000558222,0.00011507083,0.99292386
7,==,0.12487809,0.21344268,0.0013716145,0.0017026803,0.65860486,7.902394e-08
8,References ==,2.507712e-05,0.018098895,8.9650435e-05,0.06194967,4.4582564e-09,0.9198367
