,Sentence,Business meeting,Coincidence,Education,Music making,Personal life,Public celebration
0,"Gadjo is the alias of the German DJ, producer and remixer, Murat Arslan.",3.443746e-05,1.4351069e-09,0.0002773327,8.840789e-08,0.99842924,0.0012589357
1,"He is known for his hit ""So Many Times"", featuring Alexandra Prince on vocals, recorded in the early 2000s.",1.5766869e-06,2.979077e-06,0.9987866,0.0012043652,3.79764e-08,4.4856047e-06
2,"It became an international club hit in the winter of 2005, peaking in 2006 (although it peaked at no. 22 in May 2005, in the UK Singles Chart).",0.0642072,3.3948054e-05,1.0317501e-06,0.9350093,1.5485153e-06,0.0007469164
3,Erick Morillo signed him to Subliminal Records in 2005.,0.24757369,2.4032815e-08,9.528044e-06,0.7524165,1.6875013e-08,2.7293706e-07
4,"His first major hit single ""So Many Times"" reached #1 in fourteen countries' dance charts.",0.03616229,0.056406934,0.0022261299,0.0008964877,0.8404906,0.063817516
5,"This included a spell at #1 in the US Billboard Hot Dance Club Songs chart, and it peaked at #22 in the UK Singles Chart.",0.00021850709,5.740883e-07,9.0105306e-07,0.0003222213,4.899987e-07,0.9994573
6,==,0.12487809,0.21344268,0.0013716145,0.0017026803,0.65860486,7.902394e-08
7,References ==,2.507712e-05,0.018098895,8.9650435e-05,0.06194967,4.4582564e-09,0.9198367
