,Sentence,Business meeting,Coincidence,Education,Music making,Personal life,Public celebration
0,Ludwik Bronarski (1890–1975) was a Polish musicologist.,1.4995945e-05,0.018305933,0.9456306,2.6529728e-05,0.0010654533,0.034956466
1,==,0.12487809,0.21344268,0.0013716145,0.0017026803,0.65860486,7.902394e-08
2,References ==,2.507712e-05,0.018098895,8.9650435e-05,0.06194967,4.4582564e-09,0.9198367
3,==,0.12487809,0.21344268,0.0013716145,0.0017026803,0.65860486,7.902394e-08
4,External links ==,0.00023526642,1.3075892e-06,6.913511e-10,2.5650536e-07,3.6421334e-08,0.9997632
5,Works by or about Ludwik Bronarski at Internet Archive,7.6530116e-11,0.021584157,0.00039658864,1.9550873e-06,3.99216e-06,0.97801334
