,Sentence,Business meeting,Coincidence,Education,Music making,Personal life,Public celebration
0,Francisco Savín (18 November 1929 – 26 January 2018) was a Mexican conductor and composer.,0.9940566,8.070838e-09,0.00037869115,0.0032078912,0.00016460381,0.0021921007
1,"Born in Mexico City, he studied composition under Rodolfo Halffter and conducting under Luis Herrera de la Fuente.",8.739896e-11,5.0485744e-12,1.0,3.1993858e-10,3.3835715e-10,2.846635e-10
2,"He conducted the Xalapa Symphony Orchestra from 1963 to 1967, and from 1984 to 1986.",0.0009584975,4.6345508e-07,0.08832981,0.77887076,0.107858844,0.023981636
3,==,0.12487809,0.21344268,0.0013716145,0.0017026803,0.65860486,7.902394e-08
4,References ==,2.507712e-05,0.018098895,8.9650435e-05,0.06194967,4.4582564e-09,0.9198367
