,Sentence,Business meeting,Coincidence,Education,Music making,Personal life,Public celebration
0,"Jan Hrubý (born 3 December 1948, Prague, Czeschoslovakia) is a Czech rock violinist.",0.003738952,1.1171239e-05,3.4118588e-05,0.7435858,0.25262547,4.515565e-06
1,Between 1964-1968 he studied violin at the Prague Conservatory.,9.894451e-05,0.0010249317,0.7754167,0.00010555929,0.22335397,2.9028464e-09
2,Between 1975-1982 he played with the Vladimír Mišík's group Etc....,1.2943664e-05,4.0768253e-08,2.5953126e-10,0.9999652,2.1718393e-05,1.0803093e-07
3,From 1983 he played with Luboš Andršt's Blues Band.,1.5752098e-08,8.389843e-06,1.0032686e-10,0.99999154,4.3848872e-11,1.060323e-08
4,In 1984 he joined the Michael Prokop's Framus 5 and significantly influenced the album Kolej Yesterday.,0.03831272,0.45477954,1.11926024e-10,0.49894145,0.007964512,1.7379409e-06
5,"He was also member of Čunderground and recorded with Jazz Q, Marsyas, C&K Vocal, Hana Hegerová and many others.",2.4912972e-05,7.035548e-08,2.7227904e-07,0.9999566,1.8131037e-05,2.9948524e-13
6,"In the 1990s, he was influenced by celtic music and founded the group named Kukulín.",0.0001940952,0.0036557317,4.7199064e-05,0.9578384,0.038264476,4.116504e-11
7,==,0.12487809,0.21344268,0.0013716145,0.0017026803,0.65860486,7.902394e-08
8,References ==,2.507712e-05,0.018098895,8.9650435e-05,0.06194967,4.4582564e-09,0.9198367
