,Sentence,Business meeting,Coincidence,Education,Music making,Personal life,Public celebration
0,"Ciril Cvetko (8 January 1920 – 18 January 1999) was a Slovene composer and conductor, brother of the musicologist Dragotin Cvetko.",1.572136e-08,7.87333e-06,5.408168e-05,6.076972e-09,0.999938,2.1676616e-10
1,Cvetko was born in Vučja Vas near Ljutomer in northeastern Slovenia in 1920.,1.6339996e-09,0.0008137891,1.1100193e-08,6.095411e-09,0.99918383,2.422277e-06
2,He studied music at the Ljubljana Academy of Music and graduated in 1948.,5.127102e-11,0.0008252674,0.95399547,4.7139956e-06,0.04517461,1.6344242e-08
3,He also completed graduate studies in Prague and Paris.,0.00015298172,0.00030092907,0.40674755,0.59273213,6.623816e-05,1.9820834e-07
4,"He worked at Triglav Film, the Slovene National Theatre Opera and Ballet Company, and the Slovenian Philharmonic Orchestra.",0.6828426,0.0002089253,0.022813661,0.28143707,0.010122831,0.002574961
5,He died in Ljubljana in 1999.,5.3087138e-15,1.0963938e-10,1.75055e-09,3.723935e-08,1.0,7.397776e-10
6,In 1963 he won the Levstik Award for his book Opera in njeni mojstri (The Opera and Its Masters).,0.0001327463,4.013397e-05,0.00026327494,0.019957755,2.4807216e-05,0.9795813
7,==,0.12487809,0.21344268,0.0013716145,0.0017026803,0.65860486,7.902394e-08
8,References ==,2.507712e-05,0.018098895,8.9650435e-05,0.06194967,4.4582564e-09,0.9198367
