,Sentence,Business meeting,Coincidence,Education,Music making,Personal life,Public celebration
0,"Albert Viljam Hagelin (24 April 1881 – 25 May 1946) was a Norwegian businessman and opera singer who became the Minister of Domestic Affairs in the Quisling regime, the puppet government headed by Vidkun Quisling during Germany's World War II occupation of Norway.",7.6011296e-05,2.8647039e-05,4.9668133e-06,3.5221221e-06,0.9858495,0.014037292
1,"A native of Bergen, Hagelin was sentenced to death during the Norwegian post-war trials.",6.003062e-07,0.7110644,0.028830975,0.0009504618,0.25173715,0.007416513
2,"He was executed by firing squad at Oslo's Akershus Fortress, where many of the 37 individuals condemned for treason and war crimes were executed.",0.00012567271,0.9344808,0.0001474067,0.0007455373,0.013016105,0.05148449
3,==,0.12487809,0.21344268,0.0013716145,0.0017026803,0.65860486,7.902394e-08
4,References ==,2.507712e-05,0.018098895,8.9650435e-05,0.06194967,4.4582564e-09,0.9198367
5,==,0.12487809,0.21344268,0.0013716145,0.0017026803,0.65860486,7.902394e-08
6,External links ==,0.00023526642,1.3075892e-06,6.913511e-10,2.5650536e-07,3.6421334e-08,0.9997632
7,Media related to Albert Viljam Hagelin at Wikimedia Commons,4.751637e-10,0.0007013764,5.1087005e-07,1.9057687e-08,5.604593e-08,0.999298
