,Sentence,Business meeting,Coincidence,Education,Music making,Personal life,Public celebration
0,Caroline Parkhurst Lloyd (1924–1980) was an American composer and pianist.,2.8120576e-05,4.1520255e-07,0.0011645249,0.93108135,0.06772136,4.2361644e-06
1,"Her best-known composition was the Spanish-language opera Doña Bárbara performed in the Teatro Municipal of Caracas, July 1967.",2.0209143e-05,9.5791955e-05,3.9121614e-06,0.99961036,6.117925e-12,0.0002698196
2,The opera's libretto was provided by Isaac Chocrón based on the novel Doña Bárbara by Rómulo Gallegos.,0.00012190927,7.3262663e-07,3.1755484e-08,0.9998772,1.4141715e-07,3.9217877e-08
3,"Lloyd grew up in Santa Fe, New Mexico and graduated from the University of New Mexico in 1945.",5.8414983e-08,1.7701746e-09,0.99994624,4.690171e-11,7.876346e-06,4.5745648e-05
4,She later studied with Bernard Rogers at the Eastman School of Music.,9.473466e-08,8.629767e-05,0.99990654,6.305834e-06,2.2061998e-07,5.314176e-07
5,==,0.12487809,0.21344268,0.0013716145,0.0017026803,0.65860486,7.902394e-08
6,References ==,2.507712e-05,0.018098895,8.9650435e-05,0.06194967,4.4582564e-09,0.9198367
