,Sentence,Business meeting,Coincidence,Education,Music making,Personal life,Public celebration
0,"Wolfgang Sauseng (born Graz, July 6, 1956) is an Austrian composer, conductor and organist.",0.0006073774,0.00265049,0.0012027782,0.04543937,0.9496941,0.00040581744
1,==,0.12487809,0.21344268,0.0013716145,0.0017026803,0.65860486,7.902394e-08
2,Discography ==,0.9999943,1.2030798e-08,8.3584145e-10,5.3618996e-06,2.8147706e-09,3.2553942e-07
3,Sauseng: ...in grünen Stein geschlossen; Mondgott,0.097459815,2.0958955e-06,0.00013236271,1.3027154e-05,0.9023927,1.4883009e-09
4,==,0.12487809,0.21344268,0.0013716145,0.0017026803,0.65860486,7.902394e-08
5,References ==,2.507712e-05,0.018098895,8.9650435e-05,0.06194967,4.4582564e-09,0.9198367
