,Sentence,Business meeting,Coincidence,Education,Music making,Personal life,Public celebration
0,"The Measure (SA) were an American punk rock band formed in 2005 in New Brunswick, New Jersey  who released albums on Don Giovanni Records and No Idea Records.",0.018345222,0.06335197,8.678423e-06,0.9182942,3.999963e-09,2.109766e-10
1,"The (SA) in the name is for ""Strictly Analog"".",0.13252816,0.45627287,0.00069910137,0.41033974,7.748926e-05,8.265076e-05
2,"They played their last shows in 2011 in New Brunswick and at The Fest 10 in Gainesville, Florida.",3.714188e-10,9.3899814e-07,5.0019846e-09,0.99999905,2.2790003e-08,5.872114e-12
3,==,0.12487809,0.21344268,0.0013716145,0.0017026803,0.65860486,7.902394e-08
4,References ==,2.507712e-05,0.018098895,8.9650435e-05,0.06194967,4.4582564e-09,0.9198367
