,Sentence,Business meeting,Coincidence,Education,Music making,Personal life,Public celebration
0,"Nguyễn Văn Tý (Nghệ An, 15 March 1925 – 26 December 2019) was a Vietnamese composer.",0.00015353682,0.45433432,0.1961433,0.0010019597,0.3483668,9.451018e-08
1,He was a recipient of the Hồ Chí Minh Prize in 2000.,2.1383268e-12,3.1497e-08,3.336674e-05,4.0813566e-09,1.05243765e-10,0.9999666
2,==,0.12487809,0.21344268,0.0013716145,0.0017026803,0.65860486,7.902394e-08
3,References ==,2.507712e-05,0.018098895,8.9650435e-05,0.06194967,4.4582564e-09,0.9198367
