,Sentence,Business meeting,Coincidence,Education,Music making,Personal life,Public celebration
0,"Nicolas Achten (born 25 September 1985, in Brussels) is a Belgian conductor, singer, lutenist, and harpist mainly working in historically informed performance.",0.99465656,8.4142915e-09,0.00010453376,0.001012541,0.004226397,5.7690002e-11
1,Achten is a visiting professor at the University of East Anglia and at the Flanders Operastudio.,0.009128551,0.0007199528,0.98759204,0.0003908161,0.0021682458,3.3102023e-07
2,==,0.12487809,0.21344268,0.0013716145,0.0017026803,0.65860486,7.902394e-08
3,External links ==,0.00023526642,1.3075892e-06,6.913511e-10,2.5650536e-07,3.6421334e-08,0.9997632
4,Official website,0.0012255516,4.507715e-12,3.0528519e-10,4.2257152e-08,5.4052973e-12,0.99877435
5,==,0.12487809,0.21344268,0.0013716145,0.0017026803,0.65860486,7.902394e-08
6,References ==,2.507712e-05,0.018098895,8.9650435e-05,0.06194967,4.4582564e-09,0.9198367
