,Sentence,Business meeting,Coincidence,Education,Music making,Personal life,Public celebration
0,Tony Moore was the lead singer of the heavy metal band Riot.,0.00010039333,0.051766895,0.0010025016,0.9471227,7.609745e-06,4.8595695e-08
1,"He was in the band from 1986 to 1992, recording Thundersteel, The Privilege of Power, 2008 to 2009 and rejoining in 2010 along with the other members from the Thundersteel line-up to release Immortal Soul.",0.9767522,6.270376e-06,0.00010663874,0.023134809,3.4883107e-11,1.3920088e-09
2,"He also sang with Faith and Fire, a project with Mike Flyntz.",2.5048369e-06,1.02743954e-07,0.0008013831,0.9991959,6.878248e-08,2.8377533e-12
3,They released their first and only album Accelerator in 2006.,0.0040258467,3.3523788e-06,2.8558934e-05,0.99594206,6.823354e-08,1.4782791e-12
4,==,0.12487809,0.21344268,0.0013716145,0.0017026803,0.65860486,7.902394e-08
5,References ==,2.507712e-05,0.018098895,8.9650435e-05,0.06194967,4.4582564e-09,0.9198367
