,Sentence,Business meeting,Coincidence,Education,Music making,Personal life,Public celebration
0,Bianca Maria Meda (c. 1665 – c. 1700) was an Italian composer.,4.1584127e-07,0.001765577,6.2964597e-07,0.0017989033,0.99642205,1.2421852e-05
1,"Little is known about her life, but she was a Benedictine nun at the convent of San Martino del Leano in Pavia.",5.505498e-06,0.026052464,0.82427835,0.08973853,0.050939806,0.0089853285
2,"She published only one work, a collection of motets, Mottetti a 1, 2, 3, e 4 voci, con violini in Bologna in 1691.",1.3878547e-08,7.3557777e-07,2.761474e-08,0.9999987,4.4557692e-07,2.6020242e-08
3,==,0.12487809,0.21344268,0.0013716145,0.0017026803,0.65860486,7.902394e-08
4,References ==,2.507712e-05,0.018098895,8.9650435e-05,0.06194967,4.4582564e-09,0.9198367
