,Sentence,Business meeting,Coincidence,Education,Music making,Personal life,Public celebration
0,"Vladas Jonas Jakubėnas (Biržai, 1904-Chicago, 1976) was a Lithuanian composer, pianist, musicologist and journalist.",1.4573754e-09,8.360667e-06,4.3227763e-10,0.0006148993,0.99932265,5.4057055e-05
1,==,0.12487809,0.21344268,0.0013716145,0.0017026803,0.65860486,7.902394e-08
2,"Works, editions and recordings ==",4.638581e-06,1.7839877e-05,0.00036640416,0.9792789,0.00010010381,0.020232152
3,"Chamber Music: Kasparas Uinskas, Rusne Mataityte, Edmundas Kulikauskas, Albina Siksniute, Vilnius String Quartet, St Christopher Chamber Orchestra, Donatas Katkus Toccata Classics 2011",8.874034e-05,0.0029652417,0.0017979656,0.008613408,0.9850861,0.0014485198
4,==,0.12487809,0.21344268,0.0013716145,0.0017026803,0.65860486,7.902394e-08
5,References ==,2.507712e-05,0.018098895,8.9650435e-05,0.06194967,4.4582564e-09,0.9198367
