,Sentence,Business meeting,Coincidence,Education,Music making,Personal life,Public celebration
0,The Whitefield Brothers are a German funk band.,0.009105163,2.267363e-05,1.37040715e-05,0.000106503576,0.9907516,3.2609506e-07
1,"The band, which consists of brothers Jan and Max Weissenfeldt, was previously known as the ""'Poets of Rhythm""' beginning in 1991.",0.8682645,7.6959495e-08,0.00015321063,0.087397136,0.044182956,2.185489e-06
2,"Under this name, they were signed to the Quannum Projects label after they were discovered by Lyrics Born.",0.00039569638,0.0044969083,1.2658769e-05,0.99509335,1.4052148e-06,8.947244e-11
3,"As the Whitefield Brothers, they released their debut album In the Raw in 2001 and their second album, Earthology, in 2010.",0.98552203,0.00027717673,0.013085406,0.00047108362,0.000640509,3.7718362e-06
4,"The making of Earthology took 15 years, and the album received generally favorable reviews from music critics.",0.0013985287,0.000863396,0.99541277,9.017962e-06,0.0022794143,3.693389e-05
5,==,0.12487809,0.21344268,0.0013716145,0.0017026803,0.65860486,7.902394e-08
6,References ==,2.507712e-05,0.018098895,8.9650435e-05,0.06194967,4.4582564e-09,0.9198367
