,Sentence,Business meeting,Coincidence,Education,Music making,Personal life,Public celebration
0,"Georgy Anatolevich Doniyakh (Дониях Георгий Анатольевич, 1914–1976) was a Soviet conductor.",0.046368785,1.2039712e-06,5.3791024e-11,6.1949834e-07,0.95362943,4.2268816e-08
1,"He graduated from the Leningrad Conservatory in 1943, and later became director of the Orchestra of the Uzbek SSR.",2.368585e-05,5.0670252e-08,0.9998504,0.00012575807,1.7705199e-07,2.8824148e-09
2,"He was the Chief Conductor of the Maly Opera Theatre, and would have been the conductor of Shostakovich's Lady Macbeth of Mtsensk had it been produced according to schedule.",0.9940587,5.949844e-07,0.00011726866,0.0012760471,0.004547186,1.7603614e-07
3,He was also conductor of the Andreyev Folk Orchestra.,0.6729561,7.745643e-08,0.3117063,4.4241856e-06,0.014782384,0.00055071356
4,==,0.12487809,0.21344268,0.0013716145,0.0017026803,0.65860486,7.902394e-08
5,Discography ==,0.9999943,1.2030798e-08,8.3584145e-10,5.3618996e-06,2.8147706e-09,3.2553942e-07
6,"Dobrynya Nikitich, excerpts – Leningrad Radio Choir and Russian balalaika orchestra Vasiliy Andreev, 1959",0.00025378773,0.048220027,0.0024588518,0.8972788,0.051737364,5.1086892e-05
7,==,0.12487809,0.21344268,0.0013716145,0.0017026803,0.65860486,7.902394e-08
8,References ==,2.507712e-05,0.018098895,8.9650435e-05,0.06194967,4.4582564e-09,0.9198367
