,Sentence,Business meeting,Coincidence,Education,Music making,Personal life,Public celebration
0,"Tamás Vető (Budapest, 1935) is a Hungarian-born Danish choral and opera conductor.",0.00093652756,2.930061e-07,1.4027684e-06,0.0014020242,0.9968305,0.00082920364
1,"He trained at the Budapest Conservatoire, then studied in France under Nadia Boulanger.",1.583602e-07,5.5198806e-09,0.9998838,0.00011256209,3.5169694e-06,6.772316e-09
2,He came to Denmark in 1957.,0.049558606,0.0011027987,1.9986069e-06,2.0923947e-07,0.9493324,3.9820075e-06
3,He conducted Wagner's Der Ring des Niebelungen at the National Danish Opera in 1996.,0.1331616,4.1168976e-05,0.8022067,0.023394108,0.04105461,0.00014180632
4,From 1996 to 2000 he was chief conductor of the vocal group Ars Nova Copenhagen.,0.0008105511,2.122332e-07,0.9988575,0.00028703499,4.466298e-05,1.8520459e-10
5,==,0.12487809,0.21344268,0.0013716145,0.0017026803,0.65860486,7.902394e-08
6,References ==,2.507712e-05,0.018098895,8.9650435e-05,0.06194967,4.4582564e-09,0.9198367
