,Sentence,Business meeting,Coincidence,Education,Music making,Personal life,Public celebration
0,"Ríos de Misericordia (""Rivers of Mercy""), also known as Niños Ríos de Misericordia (""Rivers of Mercy Children"") is a Mexican Christian musical group composed of eight children from the children's shelter of the same name in Zacango, Acolman Municipality, State of Mexico.",1.9845208e-08,1.4464434e-06,4.5186316e-05,0.98151404,0.018386764,5.248908e-05
1,The group has released twenty studio albums since 2001.,0.99996364,2.265086e-09,1.8565568e-06,3.4396766e-05,1.1711551e-09,3.0189828e-10
2,==,0.12487809,0.21344268,0.0013716145,0.0017026803,0.65860486,7.902394e-08
3,Selected discography ==,0.9800286,5.94928e-08,3.7134132e-07,0.01992867,3.7384572e-07,4.1882155e-05
4,Mi vida y mi voz (Volume 1),4.697605e-06,0.9706176,0.00065580534,3.2558336e-07,0.0009748128,0.02774665
5,Al Cordero gloria (Volume 2),7.784595e-06,0.010418346,0.04928695,0.1759722,0.7596015,0.004713325
6,Es por,0.9757338,8.882784e-05,2.2713233e-05,1.5709264e-05,0.00079179584,0.023347188
7,Tu gracia (Volume 9),6.5544384e-07,2.4355868e-05,0.00046564388,0.091765136,0.907652,9.223463e-05
8,Heme aquí (Volume 11),0.00029330477,0.00046721342,0.8038557,9.4048955e-06,0.15464483,0.0407296
9,Tienen que saber (Volume 13),0.46878612,0.072662815,0.35874742,0.00014840787,0.06782941,0.031825904
10,Amor tan Grande (Volume 15),0.00032498324,0.0016736316,0.00019499153,7.889226e-05,0.15215504,0.8455725
11,==,0.12487809,0.21344268,0.0013716145,0.0017026803,0.65860486,7.902394e-08
12,References ==,2.507712e-05,0.018098895,8.9650435e-05,0.06194967,4.4582564e-09,0.9198367
13,==,0.12487809,0.21344268,0.0013716145,0.0017026803,0.65860486,7.902394e-08
14,External links ==,0.00023526642,1.3075892e-06,6.913511e-10,2.5650536e-07,3.6421334e-08,0.9997632
15,Ríos de Misericordia discography at Discogs,0.061078876,0.023889499,3.4821274e-05,0.00011563372,1.0119781e-08,0.9148812
16,Ríos de Misericordia's channel on YouTube,0.022157645,0.009022757,0.114732005,4.7734805e-10,9.134241e-10,0.85408765
