,Sentence,Business meeting,Coincidence,Education,Music making,Personal life,Public celebration
0,"Jerry Eubanks (born March 9, 1950) is an American musician best known as the original saxophonist, keyboardist and flautist for The Marshall Tucker Band.",6.0139478e-06,0.00063983287,2.0723135e-05,0.84745795,0.15137604,0.00049948326
1,His flute and sax solos were a signature of the band.,1.6025577e-05,1.8539649e-10,1.771009e-08,0.9999839,5.2244964e-10,2.9847287e-15
2,"Eubanks left the Marshall Tucker Band in 1996, outlasting most of the surviving original members.",0.98088455,0.00012560739,0.0003607469,0.00431288,0.014316231,6.7504424e-09
3,"As of 2005, he was running a company called Flatwoods Soaps, in Spartanburg, SC.",4.7140924e-10,1.9439922e-06,3.7107952e-06,5.349653e-08,0.9981834,0.0018108884
4,"He is the father of the competitive Call of Duty player James Eubanks, better known as Clayster.",5.099258e-12,3.5269995e-06,1.0313163e-12,8.3685464e-10,0.9999964,1.9289848e-08
5,==,0.12487809,0.21344268,0.0013716145,0.0017026803,0.65860486,7.902394e-08
6,References ==,2.507712e-05,0.018098895,8.9650435e-05,0.06194967,4.4582564e-09,0.9198367
