,Sentence,Business meeting,Coincidence,Education,Music making,Personal life,Public celebration
0,"Ron Reaves is an American audio engineer best known as the Front of House mixer for the Grammy Award ceremonies, which he has been doing the FOH since the early 2000s.",3.7727865e-08,8.508473e-10,2.714568e-07,3.548743e-05,2.7337097e-07,0.9999639
1,He is also a regular FOH engineer for events at the East Room of the White House.,0.9599997,2.252211e-09,0.039839663,1.931142e-09,6.228972e-07,0.00016015525
2,"Reaves, a guitar player himself, spoke with love and respect (""you don't tell The Edge to turn down his echo"") for the musicians he mixes in a 2013 interview in Guitar Player: ""I mix music for free.",6.9536785e-05,3.858405e-05,0.06237253,0.90305984,9.226185e-05,0.034367207
3,"It's all the other s**t that I charge for.""",0.000102841135,0.0006678602,9.751146e-06,0.0027984406,4.0017635e-06,0.99641705
4,==,0.12487809,0.21344268,0.0013716145,0.0017026803,0.65860486,7.902394e-08
5,References ==,2.507712e-05,0.018098895,8.9650435e-05,0.06194967,4.4582564e-09,0.9198367
6,==,0.12487809,0.21344268,0.0013716145,0.0017026803,0.65860486,7.902394e-08
7,External links ==,0.00023526642,1.3075892e-06,6.913511e-10,2.5650536e-07,3.6421334e-08,0.9997632
8,"""How to Mix the Grammys"": Interview with Ron Reaves on Gearwire.com",6.2036887e-10,0.00012808145,1.7221922e-11,3.8519927e-11,1.7592268e-11,0.99987185
