,Sentence,Business meeting,Coincidence,Education,Music making,Personal life,Public celebration
0,"Om Bikram Bista (Nepali:ॐ विक्रम विष्ट) is popular musician, singer and composer of Nepalese music field.",9.80174e-05,0.5261376,2.4659708e-05,0.30762908,0.00030883268,0.16580182
1,He is son of writer Daulat Bikram Bista.,2.1571987e-07,3.17189e-05,2.1227875e-08,0.00017115512,0.016108548,0.98368835
2,"He is considered ""King of Pop"" in Nepal.",0.6981263,1.9763289e-05,6.646504e-08,0.0009324493,1.5636748e-05,0.3009058
3,"He competed in ""All Nepal Music Competition"" at the age of 10 years.",0.11016048,5.9129284e-06,0.00014340585,0.85354674,0.032913774,0.0032296707
4,"He also participated in Melancholy song by 365 Artists is set in Guinness World Records, is written, music composed and directed by Environmentalist Nipesh DHAKA.",3.5874925e-06,2.50449e-06,4.0600603e-09,0.24105376,0.0004178573,0.7585222
5,==,0.12487809,0.21344268,0.0013716145,0.0017026803,0.65860486,7.902394e-08
6,Discography ==,0.9999943,1.2030798e-08,8.3584145e-10,5.3618996e-06,2.8147706e-09,3.2553942e-07
7,==,0.12487809,0.21344268,0.0013716145,0.0017026803,0.65860486,7.902394e-08
8,References ==,2.507712e-05,0.018098895,8.9650435e-05,0.06194967,4.4582564e-09,0.9198367
