,Sentence,Business meeting,Coincidence,Education,Music making,Personal life,Public celebration
0,Edmon Colomer is a Spanish conductor from Barcelona.,0.0029367958,3.1487435e-10,1.9133793e-06,0.3354298,0.006458361,0.6551732
1,"He conducted Joaquín Rodrigo's Concierto de Aranjuez in 1991, in which Paco de Lucia performed with an orchestra.",4.6992404e-06,0.0068913163,0.00021430978,0.38554615,0.0005000022,0.60684353
2,He has been director of the Orquesta Filarmónica de Málaga since September 2010.,0.9994252,2.070131e-05,2.9070117e-05,2.0892503e-05,0.0004584929,4.580355e-05
3,He has also directed the National Spanish Youth Orchestra.,0.99984777,6.269645e-09,0.00014190981,2.174493e-06,8.119543e-06,2.1790985e-09
4,"Sheldon Morganstern described Colomer as an ""immensely gifted musician"".",0.0005342112,2.8135484e-05,3.353253e-11,0.9993616,4.851219e-05,2.7632817e-05
5,==,0.12487809,0.21344268,0.0013716145,0.0017026803,0.65860486,7.902394e-08
6,References ==,2.507712e-05,0.018098895,8.9650435e-05,0.06194967,4.4582564e-09,0.9198367
