,Sentence,Business meeting,Coincidence,Education,Music making,Personal life,Public celebration
0,"Michel Bernholc (1941–2002) was a French composer, arranger and producer.",0.010335149,0.8596,7.459512e-11,0.0013912484,0.06593297,0.06274067
1,"Using the pseudonym Mike Steïphenson, he wrote and produced the 1971 hit ""Burundi Black"", which made #31 on the UK Singles Chart and #74 in Australia.",7.5661346e-06,4.2589027e-06,2.7208666e-10,0.9996872,0.0003008516,1.6157627e-07
2,"He also wrote the Victoire Scott song ""La Licorne D’or"", which was covered by the Swedish symphonic metal band Therion on their fifteenth full-length musical album Les Fleurs du Mal.",2.141702e-05,0.00059977197,0.00029003067,0.99908876,3.623592e-08,5.4145687e-14
3,==,0.12487809,0.21344268,0.0013716145,0.0017026803,0.65860486,7.902394e-08
4,References ==,2.507712e-05,0.018098895,8.9650435e-05,0.06194967,4.4582564e-09,0.9198367
5,==,0.12487809,0.21344268,0.0013716145,0.0017026803,0.65860486,7.902394e-08
6,External links ==,0.00023526642,1.3075892e-06,6.913511e-10,2.5650536e-07,3.6421334e-08,0.9997632
7,Obituary (in French),1.9525908e-06,5.1904235e-06,6.307002e-06,2.1226333e-07,0.4300121,0.56997424
