,Sentence,Business meeting,Coincidence,Education,Music making,Personal life,Public celebration
0,"Nils Thore ""Nick"" Borgen, born 5 January 1952 in Andenes, Nordland, is a Norwegian–Swedish musician, singer and writer (debut novel: ""Den okända soldaten"", 2009).",9.628217e-07,1.5548974e-08,8.396266e-06,1.5189052e-07,0.9999902,2.7869535e-07
1,He's famous for songs like We Are All the Winners and Den glider in.,5.9845206e-05,4.991863e-07,0.039155293,0.9597683,0.0008933209,0.00012279463
2,"Between 1990 and 2005, he had an own dansband, Nick Borgens orkester.",0.0045434744,0.018489765,1.0881348e-05,0.20968239,0.7672113,6.2192725e-05
3,==,0.12487809,0.21344268,0.0013716145,0.0017026803,0.65860486,7.902394e-08
4,References ==,2.507712e-05,0.018098895,8.9650435e-05,0.06194967,4.4582564e-09,0.9198367
5,==,0.12487809,0.21344268,0.0013716145,0.0017026803,0.65860486,7.902394e-08
6,External links ==,0.00023526642,1.3075892e-06,6.913511e-10,2.5650536e-07,3.6421334e-08,0.9997632
