,Sentence,Business meeting,Coincidence,Education,Music making,Personal life,Public celebration
0,"Henriette Löfman (23 August 1784 – 6 March 1836, Örby, Västergötland) was a Swedish composer.",3.6780934e-09,3.3455308e-10,1.508395e-10,0.00014081917,0.9998592,8.429443e-09
1,She was married on 15 February 1822 to the nobleman general lieutenant Casimir Reuterskiöld (1770–1848).,6.653019e-08,0.00287901,3.9794585e-07,4.592801e-08,0.8180199,0.17910053
2,She mainly composed works for harp.,4.016177e-07,1.1420852e-07,0.00025518992,0.9996748,6.9479014e-05,5.3092697e-10
3,==,0.12487809,0.21344268,0.0013716145,0.0017026803,0.65860486,7.902394e-08
4,Sources ==,0.007645562,0.3143481,1.254729e-05,0.0016880321,0.0007003267,0.6756055
5,"Nisser, Carl (1943).",3.3198563e-07,1.731701e-08,9.516847e-06,4.973232e-08,0.9999901,1.0968295e-08
6,Svensk instrumentalkomposition 1770-1830.,1.2216876e-05,9.699404e-06,2.0528867e-06,0.00050419377,0.99685526,0.0026164437
7,Stockholm: Gothia.,1.4453271e-06,0.0010516719,3.1621894e-05,0.002234107,0.9944349,0.0022463095
8,Libris 1412043,0.011598048,0.011260945,1.0816568e-06,0.05169018,0.15505964,0.7703901
