,Sentence,Business meeting,Coincidence,Education,Music making,Personal life,Public celebration
0,"Wardell ""Preacher"" Jones (b. ca.",8.277286e-11,9.0270924e-12,4.7952135e-08,4.0628975e-06,0.9985964,0.0013994097
1,1905) was an American jazz trumpeter.,6.493719e-05,3.2618943e-09,1.3344859e-06,0.0002678903,0.994056,0.0056098476
2,Jones played early in his career in New York City in the ballroom bands of Bill Brown and Benny Carter before joining Bingie Madison's ensemble.,7.1609925e-08,2.1937057e-09,5.3283328e-15,0.9999999,1.4818827e-09,1.36407725e-11
3,"Jones joined the Mills Blue Rhythm Band, playing with the group from 1930 to 1936 and recording with them several times.",3.5024627e-07,9.874101e-06,2.7032264e-08,0.9999795,1.025339e-05,1.3790483e-09
4,"In addition to trumpet, he occasionally played trombone with the group and did arranging work.",4.279831e-07,8.666952e-07,6.815479e-10,0.9999987,2.1032833e-09,2.471498e-10
5,"Later in the 1930s he played with Fats Waller and Hot Lips Page, but appears to have left music after 1940.",4.2747437e-05,6.315315e-06,1.8731622e-07,0.99995077,2.1404416e-10,1.3392951e-11
6,==,0.12487809,0.21344268,0.0013716145,0.0017026803,0.65860486,7.902394e-08
7,References ==,2.507712e-05,0.018098895,8.9650435e-05,0.06194967,4.4582564e-09,0.9198367
