,Sentence,Business meeting,Coincidence,Education,Music making,Personal life,Public celebration
0,"Edwin C. Hahn (August 2, 1888 – June 1, 1942) was an American sound engineer.",4.9842997e-06,1.3035356e-07,6.920235e-07,2.5110587e-09,0.8271207,0.17287341
1,He was nominated for an Oscar for Best Special Effects on the film Only Angels Have Wings at the 12th Academy Awards.,3.627122e-06,5.7954004e-08,4.739695e-08,0.0015132935,6.729388e-08,0.9984829
2,==,0.12487809,0.21344268,0.0013716145,0.0017026803,0.65860486,7.902394e-08
3,References ==,2.507712e-05,0.018098895,8.9650435e-05,0.06194967,4.4582564e-09,0.9198367
4,==,0.12487809,0.21344268,0.0013716145,0.0017026803,0.65860486,7.902394e-08
5,External links ==,0.00023526642,1.3075892e-06,6.913511e-10,2.5650536e-07,3.6421334e-08,0.9997632
6,Edwin C. Hahn at IMDb,0.24577147,1.5279346e-08,2.1097062e-06,4.334851e-06,0.75421596,6.0781535e-06
