,Sentence,Business meeting,Coincidence,Education,Music making,Personal life,Public celebration
0,"Herbert Norsch (August 15, 1908 – July 28, 1955) was an American sound engineer.",5.238293e-10,0.91564673,0.00017341634,1.5141177e-09,0.08417954,2.1193169e-07
1,He was nominated for an Oscar for Best Special Effects on the film Women in War at the 13th Academy Awards.,4.198564e-06,1.1846283e-05,1.514025e-08,0.0148340035,4.13011e-08,0.98515
2,==,0.12487809,0.21344268,0.0013716145,0.0017026803,0.65860486,7.902394e-08
3,References ==,2.507712e-05,0.018098895,8.9650435e-05,0.06194967,4.4582564e-09,0.9198367
4,==,0.12487809,0.21344268,0.0013716145,0.0017026803,0.65860486,7.902394e-08
5,External links ==,0.00023526642,1.3075892e-06,6.913511e-10,2.5650536e-07,3.6421334e-08,0.9997632
6,Herbert Norsch at IMDb,5.226962e-05,0.002981439,2.4823536e-05,4.8112315e-07,0.9969409,6.7626424e-09
