,Sentence,Business meeting,Coincidence,Education,Music making,Personal life,Public celebration
0,"George Leverett (February 10, 1883 – March 20, 1968) was an American sound engineer.",1.8076217e-12,6.319393e-13,3.3067394e-08,1.886304e-10,1.0,1.04394084e-08
1,He was nominated for an Oscar for Best Special Effects on the film The Black Swan at the 15th Academy Awards.,9.621395e-09,1.2764373e-07,6.615571e-09,0.0007186989,3.5747738e-07,0.99928087
2,==,0.12487809,0.21344268,0.0013716145,0.0017026803,0.65860486,7.902394e-08
3,References ==,2.507712e-05,0.018098895,8.9650435e-05,0.06194967,4.4582564e-09,0.9198367
4,==,0.12487809,0.21344268,0.0013716145,0.0017026803,0.65860486,7.902394e-08
5,External links ==,0.00023526642,1.3075892e-06,6.913511e-10,2.5650536e-07,3.6421334e-08,0.9997632
6,George Leverett at IMDb,1.2190075e-06,3.7966685e-11,1.7516568e-08,2.4676349e-06,0.9999963,3.0000025e-09
