,Sentence,Business meeting,Coincidence,Education,Music making,Personal life,Public celebration
0,John D. Hall was an American sound engineer.,5.5156297e-06,0.00060694444,0.7353185,6.964079e-05,0.044296525,0.21970299
1,He was nominated for an Oscar for Best Special Effects on the film The Invisible Woman at the 14th Academy Awards.,8.188943e-08,7.386435e-11,1.4595694e-11,4.993184e-08,9.31759e-13,0.9999999
2,==,0.12487809,0.21344268,0.0013716145,0.0017026803,0.65860486,7.902394e-08
3,References ==,2.507712e-05,0.018098895,8.9650435e-05,0.06194967,4.4582564e-09,0.9198367
4,==,0.12487809,0.21344268,0.0013716145,0.0017026803,0.65860486,7.902394e-08
5,External links ==,0.00023526642,1.3075892e-06,6.913511e-10,2.5650536e-07,3.6421334e-08,0.9997632
6,John D. Hall at IMDb,0.111121565,0.00071765616,0.78261334,0.0006749335,0.1045892,0.00028330807
