,Sentence,Business meeting,Coincidence,Education,Music making,Personal life,Public celebration
0,"Ted Panken is an American jazz journalist who has written for Down Beat, Jazziz, and Jazz Times.",0.00013051502,6.070327e-09,1.4219685e-09,7.941149e-05,0.99979013,4.0889205e-08
1,"From 1985 to 2008, he broadcast jazz and creative music on radio station WKCR.",0.0001387146,9.3922205e-07,1.2473479e-06,0.018344443,0.0075604417,0.9739542
2,He has written more than 500 liner notes and has contributed to the New York Daily News and jazz.com.,0.57729363,6.7989373e-07,3.620485e-05,0.42249018,0.00017909944,2.3240904e-07
3,Panken is a member of the nominating committee for the Jazz Journalists Association's Critics' Choice Awards.,0.08200963,0.023999514,7.8074147e-10,0.0014236401,0.0009997754,0.8915674
4,In 2006 he was given the Lifetime Achievement in Jazz Journalism by the Jazz Journalists Association.,3.9699873e-05,1.4606939e-09,2.3947782e-09,3.2395135e-11,3.814882e-11,0.9999603
5,==,0.12487809,0.21344268,0.0013716145,0.0017026803,0.65860486,7.902394e-08
6,References ==,2.507712e-05,0.018098895,8.9650435e-05,0.06194967,4.4582564e-09,0.9198367
