,Sentence,Business meeting,Coincidence,Education,Music making,Personal life,Public celebration
0,Bulu Mukarung is a music composer within the Nepali music industry.,0.004822781,0.9793432,1.0142413e-06,9.475404e-05,0.015545363,0.00019274748
1,==,0.12487809,0.21344268,0.0013716145,0.0017026803,0.65860486,7.902394e-08
2,References ==,2.507712e-05,0.018098895,8.9650435e-05,0.06194967,4.4582564e-09,0.9198367
3,==,0.12487809,0.21344268,0.0013716145,0.0017026803,0.65860486,7.902394e-08
4,External links ==,0.00023526642,1.3075892e-06,6.913511e-10,2.5650536e-07,3.6421334e-08,0.9997632
5,YouTube.com,6.9966796e-07,0.12097155,0.86444205,4.358694e-08,5.9502234e-08,0.014585657
