,Sentence,Business meeting,Coincidence,Education,Music making,Personal life,Public celebration
0,"Omer Michael Jamal Bhatti  (born June 14, 1985), better known by his stage name O-Bee, is an Australian  rapper and dancer.",1.215472e-10,0.92152137,4.9802543e-07,0.00022297041,0.07817737,7.7690354e-05
1,"In 2014, he served as a judge on the sixth series of Norske Talenter (Norway's edition of the Got Talent franchise).",0.36097664,0.57019204,0.00011595575,8.8895835e-11,0.0011226311,0.06759277
2,==,0.12487809,0.21344268,0.0013716145,0.0017026803,0.65860486,7.902394e-08
3,References ==,2.507712e-05,0.018098895,8.9650435e-05,0.06194967,4.4582564e-09,0.9198367
4,==,0.12487809,0.21344268,0.0013716145,0.0017026803,0.65860486,7.902394e-08
5,External links ==,0.00023526642,1.3075892e-06,6.913511e-10,2.5650536e-07,3.6421334e-08,0.9997632
6,www.omer-gabriel.com,0.01997687,0.0032116182,7.7343685e-08,0.003358603,0.11540582,0.858047
