,Sentence,Business meeting,Coincidence,Education,Music making,Personal life,Public celebration
0,Horsemen Family is a hip hop group from New Zealand.,0.002248561,0.017510343,0.0049144197,0.00034437905,0.9749399,4.239028e-05
1,"At the 2008 New Zealand Music Awards, they were nominated for the People's Choice Award, but lost to the Parachute Band.",0.3917327,0.14469013,0.00037418,0.17703196,2.7049833e-05,0.28614402
2,==,0.12487809,0.21344268,0.0013716145,0.0017026803,0.65860486,7.902394e-08
3,Discography ==,0.9999943,1.2030798e-08,8.3584145e-10,5.3618996e-06,2.8147706e-09,3.2553942e-07
4,"""Drink With Us"" (2007)",0.00920685,0.00043173064,0.007019191,0.9324596,0.047320575,0.0035620432
5,"""Feels Like Magic"" (2007) (No. 8, NZ)",0.00063544814,1.2827042e-05,0.9712895,0.001229297,0.019622987,0.0072099785
6,==,0.12487809,0.21344268,0.0013716145,0.0017026803,0.65860486,7.902394e-08
7,References ==,2.507712e-05,0.018098895,8.9650435e-05,0.06194967,4.4582564e-09,0.9198367
