,Sentence,Business meeting,Coincidence,Education,Music making,Personal life,Public celebration
0,Eve White was an English television actress.,5.918691e-05,3.9049837e-06,0.00020103915,5.5212977e-06,0.976113,0.023617333
1,"Among other roles, she appeared as Sue Morgan on the soap opera Hollyoaks from 1999 to 2002.",0.68670946,0.0002458686,0.0008875056,0.3121487,7.32265e-06,1.246903e-06
2,"White is now a literary agent in London, UK, having founded Eve White Literary Agency in 2003.",0.92809254,0.00017740417,0.00015715341,0.0107023725,0.0033520542,0.05751859
3,==,0.12487809,0.21344268,0.0013716145,0.0017026803,0.65860486,7.902394e-08
4,References ==,2.507712e-05,0.018098895,8.9650435e-05,0.06194967,4.4582564e-09,0.9198367
5,==,0.12487809,0.21344268,0.0013716145,0.0017026803,0.65860486,7.902394e-08
6,External links ==,0.00023526642,1.3075892e-06,6.913511e-10,2.5650536e-07,3.6421334e-08,0.9997632
7,Eve White: Literary Agent,0.079341464,3.2305183e-05,0.0005893648,0.0011627087,0.0066815955,0.9121926
