,Sentence,Business meeting,Coincidence,Education,Music making,Personal life,Public celebration
0,"Roger Giffin is an English luthier, sometimes referred to as ""guitarmaker to the stars"".",0.9858807,3.4323213e-09,4.3020827e-05,0.013902469,0.00016572925,8.115693e-06
1,"Notable guitarists who play his instruments include Eric Clapton, Pete Townshend, John Entwistle, Mark Knopfler, and David Gilmour.",0.0010303117,7.210294e-08,0.510204,0.48876482,7.790008e-07,3.496822e-11
2,"Giffin ran the Gibson Custom Shop for a while; one of the more notable guitars he built there was a copy of Jimmy Page's ""No. 2"", the basis for the Jimmy Page Signature model Les Pauls in the mid-1990s.",0.87408096,0.03245217,0.00012553175,0.05974062,0.03359858,2.19786e-06
3,==,0.12487809,0.21344268,0.0013716145,0.0017026803,0.65860486,7.902394e-08
4,References ==,2.507712e-05,0.018098895,8.9650435e-05,0.06194967,4.4582564e-09,0.9198367
5,==,0.12487809,0.21344268,0.0013716145,0.0017026803,0.65860486,7.902394e-08
6,External links ==,0.00023526642,1.3075892e-06,6.913511e-10,2.5650536e-07,3.6421334e-08,0.9997632
7,Official website,0.0012255516,4.507715e-12,3.0528519e-10,4.2257152e-08,5.4052973e-12,0.99877435
