,Sentence,Business meeting,Coincidence,Education,Music making,Personal life,Public celebration
0,Mark L'vovich,0.049939822,0.00012282691,0.018073926,0.04747041,0.8843915,1.5318628e-06
1,"Kadin (Russian: Марк Львович Кадин; born April 28, 1965) is a Russian conductor and musical director of Soviet origin.",0.1288491,1.4567152e-06,2.0044713e-07,0.00062161573,0.87052757,7.02221e-08
2,Kadin has been the conductor of the Bulgarian National Radio Symphony Orchestra since 2017.,0.9993886,8.8041086e-09,6.306253e-08,0.0003729637,0.00023831497,4.6353238e-10
3,==,0.12487809,0.21344268,0.0013716145,0.0017026803,0.65860486,7.902394e-08
4,References ==,2.507712e-05,0.018098895,8.9650435e-05,0.06194967,4.4582564e-09,0.9198367
