,Sentence,Business meeting,Coincidence,Education,Music making,Personal life,Public celebration
0,Stanislav Gorkovenko (30 January 1938 – 26 November 2018) was a Soviet and Russian conductor from Baku who graduated from the Azerbaijan and Saint Petersburg Conservatories where he was under guidance from Nikolai Rabinovich.,1.6919325e-08,9.097691e-09,0.9984451,4.441593e-07,0.0015477166,6.7264073e-06
1,From 1967 to 1978 he was in charge of the Leningrad Music Hall Orchestra and since 1978 was a head conductor of the Solovyov-Sedoi Gubernatorial Orchestra.,0.13147259,1.4446368e-07,0.7860932,0.010383537,0.06412043,0.007930145
2,He is also an author of numerous songs and operas that are designed for children.,0.002480845,1.0236533e-09,1.5969756e-07,0.001557905,0.9959611,4.967126e-10
3,One of his operas called Ognivo was staged at the Samara Opera and Ballet Theatre.,5.42267e-08,5.4967015e-05,7.0774013e-06,0.9998499,1.136712e-06,8.677405e-05
4,==,0.12487809,0.21344268,0.0013716145,0.0017026803,0.65860486,7.902394e-08
5,References ==,2.507712e-05,0.018098895,8.9650435e-05,0.06194967,4.4582564e-09,0.9198367
6,==,0.12487809,0.21344268,0.0013716145,0.0017026803,0.65860486,7.902394e-08
7,External links ==,0.00023526642,1.3075892e-06,6.913511e-10,2.5650536e-07,3.6421334e-08,0.9997632
8,Stanislav Gorkovenko at IMDb,0.01820564,2.5024923e-07,0.0005009397,2.6755246e-05,0.9812261,4.033366e-05
