,Sentence,Business meeting,Coincidence,Education,Music making,Personal life,Public celebration
0,"Sven Nyhus (born 21 May 1932) is a Norwegian folk musician, fiddler, composer and musicologist.",0.0034966553,4.4696455e-09,1.2938945e-05,1.460369e-09,0.9964902,2.3720888e-07
1,"He was born in Røros; the son of construction worker and fiddler Peder Nyhus, and the father of Harding fiddler Åshild Breie Nyhus and pianist Ingfrid Breie Nyhus.",3.9693568e-08,6.916447e-11,1.7484858e-10,3.2801258e-17,0.99998224,1.780757e-05
2,Among his collections are Pols i Røros-tradisjon from 1973 and Felklang på Rørosmål from 1983.,2.833981e-08,0.0023756812,1.2374046e-07,0.0020003705,0.88955534,0.10606845
3,Among his albums are Bergrosa from 1984 and Grimen from 1997.,0.00014437131,1.3450048e-06,0.00012241304,0.9995504,9.685775e-05,8.4622916e-05
4,He was appointed professor at the Norwegian Academy of Music from 1989 to 2002.,0.0014788082,9.868461e-11,0.9983353,1.1476504e-12,9.41775e-08,0.0001858309
5,"He was awarded the Spellemannprisen honorary prize in 2000, and was decorated Commander of the Order of St. Olav in 2002.",3.801568e-12,2.177484e-09,0.000393643,6.2764234e-12,6.8355378e-12,0.99960643
6,==,0.12487809,0.21344268,0.0013716145,0.0017026803,0.65860486,7.902394e-08
7,References ==,2.507712e-05,0.018098895,8.9650435e-05,0.06194967,4.4582564e-09,0.9198367
