,Sentence,Business meeting,Coincidence,Education,Music making,Personal life,Public celebration
0,Mike Prestwood Smith is a sound engineer.,6.0221157e-09,2.3809419e-06,0.00010986241,1.4397783e-06,0.22389482,0.7759915
1,Smith and his fellow sound engineers are nominated for an Academy Award for Best Sound Mixing for the 2013 film Captain Phillips.,0.0044823377,0.001508959,0.00019879131,1.3478738e-05,0.00014266046,0.9936538
2,He has worked on over 100 films since 1996.,0.9998547,3.358115e-11,5.201327e-08,8.4926265e-05,6.0350692e-05,3.0505877e-13
3,==,0.12487809,0.21344268,0.0013716145,0.0017026803,0.65860486,7.902394e-08
4,References ==,2.507712e-05,0.018098895,8.9650435e-05,0.06194967,4.4582564e-09,0.9198367
5,==,0.12487809,0.21344268,0.0013716145,0.0017026803,0.65860486,7.902394e-08
6,External links ==,0.00023526642,1.3075892e-06,6.913511e-10,2.5650536e-07,3.6421334e-08,0.9997632
7,Mike Prestwood Smith at IMDb,8.434222e-06,3.8766443e-06,3.150835e-05,9.507642e-08,0.9992756,0.000680423
