,Sentence,Business meeting,Coincidence,Education,Music making,Personal life,Public celebration
0,Chris Burdon is a sound engineer.,0.014542544,0.00040210766,0.016156323,0.0010005602,0.9508953,0.017003238
1,Burdon and his fellow sound engineers are nominated for an Academy Award for Best Sound Mixing for the 2013 film Captain Phillips.,0.033292748,0.0069165155,3.465068e-05,0.00013250575,0.00025973914,0.9593638
2,==,0.12487809,0.21344268,0.0013716145,0.0017026803,0.65860486,7.902394e-08
3,External links ==,0.00023526642,1.3075892e-06,6.913511e-10,2.5650536e-07,3.6421334e-08,0.9997632
4,Chris Burdon at IMDb,0.0003114191,1.6067299e-05,5.9938354e-10,9.843286e-07,0.99967146,8.417597e-08
5,==,0.12487809,0.21344268,0.0013716145,0.0017026803,0.65860486,7.902394e-08
6,References ==,2.507712e-05,0.018098895,8.9650435e-05,0.06194967,4.4582564e-09,0.9198367
