,Sentence,Business meeting,Coincidence,Education,Music making,Personal life,Public celebration
0,Jan Štych (born 27 December 1935 in Trutnov) is a Czech conductor.,0.035099994,7.732664e-07,0.016833795,0.029841363,0.91818047,4.3511172e-05
1,He is best known for his conducting of the operas of Janáček.,0.050415266,6.689449e-06,0.00019299061,0.7993714,0.13480076,0.015212787
2,==,0.12487809,0.21344268,0.0013716145,0.0017026803,0.65860486,7.902394e-08
3,References ==,2.507712e-05,0.018098895,8.9650435e-05,0.06194967,4.4582564e-09,0.9198367
