,Sentence,Business meeting,Coincidence,Education,Music making,Personal life,Public celebration
0,"Bill ""Bunky"" Sheppard (20 March 1922 in New Orleans – 1 July 1997 in Los Angeles) was an American, Chicago-based music promoter and music producer of the 1950s and 1960s, who eventually became Vice President of 20th Century Fox Records (1978-1992).",0.0069553535,1.7565421e-07,1.834259e-06,1.1401256e-08,4.759782e-05,0.9929951
1,"He promoted such groups as The Esquires (""Get on Up"", ""And Get Away"", and ""Girls in the City""), The Sheppards and others.",0.00010738375,1.9711313e-05,2.80128e-09,3.3405752e-07,3.8822554e-09,0.99987257
2,==,0.12487809,0.21344268,0.0013716145,0.0017026803,0.65860486,7.902394e-08
3,Discography ==,0.9999943,1.2030798e-08,8.3584145e-10,5.3618996e-06,2.8147706e-09,3.2553942e-07
4,"""Burnin'"", The Bill Sheppard Combo on Ewart Abner's Abner Records",0.005872107,0.00015780862,0.00016234667,0.5787302,0.41476896,0.00030852456
5,==,0.12487809,0.21344268,0.0013716145,0.0017026803,0.65860486,7.902394e-08
6,References ==,2.507712e-05,0.018098895,8.9650435e-05,0.06194967,4.4582564e-09,0.9198367
