,Sentence,Business meeting,Coincidence,Education,Music making,Personal life,Public celebration
0,"J. P. Bowersock is an American musician, guitarist, performer, and record producer based in New York City.",0.004171121,4.3013878e-07,0.00054824766,0.0002940169,0.9946536,0.00033258385
1,"He has worked with many musicians, including The Strokes, Ryan Adams, RZA, Julian Casablancas and Zerobridge.",0.0015454323,0.0001425884,0.99817586,0.00013607567,8.16062e-09,2.0365454e-09
2,==,0.12487809,0.21344268,0.0013716145,0.0017026803,0.65860486,7.902394e-08
3,References ==,2.507712e-05,0.018098895,8.9650435e-05,0.06194967,4.4582564e-09,0.9198367
