,Sentence,Business meeting,Coincidence,Education,Music making,Personal life,Public celebration
0,"James Lockhart (born 16 October 1930) is a Scottish conductor, pianist and organist who served as music director for a number of organisations.",0.01578672,1.2073049e-09,0.0015927447,0.00017162216,0.9824485,4.1026505e-07
1,Lockhart was born on 16 October 1930 in Edinburgh and studied at the Royal College of Music.,0.00029800646,6.709712e-08,0.9975648,4.315016e-06,0.0021328488,3.591131e-10
2,"He worked as a répétiteur (singing coach) at the Städtische Bühnen Münster, Germany from 1955 to 1956.",0.892566,0.0010514731,0.054791834,0.0029164667,0.048279505,0.0003946022
3,"He was music director at Welsh National Opera from 1968 to 1972, and at the opera of the Staatstheater Kassel from 1972 to 1978 — the first British born person to hold that position with a German opera.",0.59506375,2.2033824e-05,0.019694066,0.38147527,0.003742442,2.4059293e-06
4,He was the Royal College of Music's director of opera from 1986 to 1992.,0.008259896,0.00013423007,0.9895957,0.0017205501,0.0002803933,9.169033e-06
5,He appeared as a castaway on the BBC Radio programme Desert Island Discs on 18 April 1970.,0.002738324,0.9511463,0.00044169195,0.04123319,0.002595063,0.0018454519
6,==,0.12487809,0.21344268,0.0013716145,0.0017026803,0.65860486,7.902394e-08
7,References ==,2.507712e-05,0.018098895,8.9650435e-05,0.06194967,4.4582564e-09,0.9198367
