,Sentence,Business meeting,Coincidence,Education,Music making,Personal life,Public celebration
0,Antoni Pérez i Moya (1884–1964) was a Spanish choral conductor and composer of Catalan descent.,1.0939268e-05,9.454948e-08,0.00030600413,0.0020939126,0.8658277,0.13176131
1,One of his best known pieces is Marinada.,2.9595576e-06,3.2263563e-09,2.3358346e-08,0.99892104,0.0010759976,4.8943853e-08
2,His son es:Antoni Pérez Simó (1920–1996) continued his educational work and was also a composer.,7.5387334e-08,3.0165776e-11,0.9967519,0.00012198117,0.0031259998,8.799792e-09
3,==,0.12487809,0.21344268,0.0013716145,0.0017026803,0.65860486,7.902394e-08
4,References ==,2.507712e-05,0.018098895,8.9650435e-05,0.06194967,4.4582564e-09,0.9198367
