,Sentence,Business meeting,Coincidence,Education,Music making,Personal life,Public celebration
0,"Tõnu Sepp (born June 14, 1946) is an Estonian music teacher and a figure in early music.",0.22445339,4.77219e-08,4.729579e-06,4.7261883e-06,0.77553713,1.8182721e-13
1,"He has been called the ""grand old man"" of early music in Estonia.",3.7359598e-05,8.9579803e-13,5.118328e-09,4.642704e-10,0.9999627,1.3268736e-09
2,In 1971 in Viljandi Sepp laid the ground for early music education in Estonia and also founded the first early music ensemble in Estonia.,0.08843303,1.7667519e-08,5.2524978e-05,4.7211497e-09,0.9115144,1.1657142e-10
3,In 1982 he launched the internationally famous Viljandi Early Music Festival.,3.4394147e-06,9.244241e-05,1.0830409e-09,0.0027200037,0.0023884599,0.9947956
4,"Since 1995, his led master class in Tallinn Old Town Educational College has grown into studio Musica Silentii.",4.3657824e-09,7.269905e-11,0.9999517,2.4011682e-05,2.427814e-05,4.1117465e-12
5,The studio is active in Tartu since 2006.,0.031010669,3.3317985e-05,0.003639943,0.9652343,8.178152e-05,2.8593402e-12
6,"Sepp is also a renowned maker of musical instruments, having made hundreds of early music instruments.",0.20708187,1.4795391e-07,2.7490978e-05,0.70614034,0.08675016,1.4962728e-09
7,==,0.12487809,0.21344268,0.0013716145,0.0017026803,0.65860486,7.902394e-08
8,References ==,2.507712e-05,0.018098895,8.9650435e-05,0.06194967,4.4582564e-09,0.9198367
