,Sentence,Business meeting,Coincidence,Education,Music making,Personal life,Public celebration
0,"Rina Suzuki (鈴木 理菜, Suzuki Rina, born August 21, 1991, Nara Prefecture, Japan), better known for both with her full name or by her stage name RINA, is a Japanese musician, singer and songwriter.",0.0035109546,0.00047767512,0.010658495,0.94762427,0.03772807,5.9811174e-07
1,She is the drummer and vocalist of the Japanese rock band Scandal.,0.9997017,4.2772645e-06,2.57633e-05,0.00026793053,4.1309718e-07,1.335922e-09
2,Suzuki is also part of a supergroup called Halloween Junky Orchestra led by established musicians such as Hyde and K.A. Z of Vamps for their October 2012 hit single Halloween Party.,0.00071797473,0.0007540405,1.2437843e-06,0.99851435,6.5237537e-06,5.8476935e-06
3,==,0.12487809,0.21344268,0.0013716145,0.0017026803,0.65860486,7.902394e-08
4,Equipment ==,7.8143205e-07,0.9899156,0.0026019015,0.0004527878,0.0016805861,0.005348266
5,Suzuki plays and endorses Pearl Drums.,0.80745727,0.0003771512,5.4064276e-06,0.19215965,5.583791e-07,5.154558e-11
6,She has her own signature edition snare drum and drumsticks made by the same company.,0.8051356,0.0008389833,0.082527176,0.060814213,0.049343728,0.0013403742
7,==,0.12487809,0.21344268,0.0013716145,0.0017026803,0.65860486,7.902394e-08
8,References ==,2.507712e-05,0.018098895,8.9650435e-05,0.06194967,4.4582564e-09,0.9198367
