,Sentence,Business meeting,Coincidence,Education,Music making,Personal life,Public celebration
0,"Cricket S. Myers is an American sound designer based in Los Angeles, California, United States.",0.68108267,0.22270928,0.029152654,0.06484663,0.0013597187,0.00084899674
1,She graduated with a MFA from California Institute of the Arts and has since then worked on over 300 productions around LA.,2.9091458e-05,5.0159915e-06,0.99996424,3.5121627e-07,1.4882241e-11,1.2934315e-06
2,She was nominated for a Tony Award for Best Sound Design in 2011 for Bengal Tiger at the Baghdad Zoo and won best sound at the Drama Desk Award.,3.7656633e-08,0.02037947,4.2376402e-07,0.0061846697,4.0779457e-13,0.9734354
3,In 2007 LiveDesign named her a Young Designer to Watch.,0.004178047,0.0053221607,0.25283268,8.140781e-06,1.9117972e-05,0.7376398
4,==,0.12487809,0.21344268,0.0013716145,0.0017026803,0.65860486,7.902394e-08
5,Awards and nominations ==,4.2284873e-06,9.654204e-10,3.5180038e-12,1.5419893e-10,8.16167e-15,0.9999958
6,==,0.12487809,0.21344268,0.0013716145,0.0017026803,0.65860486,7.902394e-08
7,References ==,2.507712e-05,0.018098895,8.9650435e-05,0.06194967,4.4582564e-09,0.9198367
