,Sentence,Business meeting,Coincidence,Education,Music making,Personal life,Public celebration
0,"Margaret Murray MBE (1921 – 2015), was a British music educator and musician.",3.2168507e-06,1.2956339e-06,0.9995427,4.318283e-05,0.00039347712,1.61493e-05
1,"Together with Gunild Keetman, she produced a ""seminal"" English-language version of Carl Orff's Orff-Schulwerk in 1957.",5.050302e-07,0.99273103,0.0006379881,0.0065880143,3.878769e-05,3.6553995e-06
2,==,0.12487809,0.21344268,0.0013716145,0.0017026803,0.65860486,7.902394e-08
3,Publications ==,4.040517e-09,7.66782e-08,0.000108986744,4.7741916e-05,5.712612e-13,0.9998431
4,"Wee Willie Winkie, and seven other songs using three and four notes with easy accompaniments, 1965",1.211799e-06,0.00054602645,2.3235796e-06,0.9991259,0.00032399566,6.534013e-07
5,"Eighteen pieces for descant recorder and Orff-instruments, 1966",0.0011633624,0.000141571,0.0014935079,0.13890263,0.858295,3.8916114e-06
6,"Nine carols, 1973",6.4742767e-06,0.0008104022,7.92228e-08,0.1726186,0.13208155,0.6944829
7,==,0.12487809,0.21344268,0.0013716145,0.0017026803,0.65860486,7.902394e-08
8,References ==,2.507712e-05,0.018098895,8.9650435e-05,0.06194967,4.4582564e-09,0.9198367
