,Sentence,Business meeting,Coincidence,Education,Music making,Personal life,Public celebration
0,"Felix Liberty  (born Felix Aigbe Liberty) also known as Lover boy is a Nigerian pop musician, singer, songwriter and producer.",5.347761e-08,1.9096472e-06,1.5848956e-11,2.9064253e-07,0.99999666,1.0663664e-06
1,"He is best known for his song ""Ifeoma."".",0.635071,1.1515751e-09,0.12186405,0.056303576,0.006676245,0.18008514
2,==,0.12487809,0.21344268,0.0013716145,0.0017026803,0.65860486,7.902394e-08
3,Biography ==,0.35590583,3.5694214e-10,3.2671657e-11,9.202332e-11,5.127074e-05,0.64404285
4,"Felix Liberty became popular in the Nigerian music scene in the late 80s after the release of his song ""Ifeoma.""",1.41647e-05,1.0103239e-06,1.8833745e-08,1.2128831e-05,0.99997056,2.118931e-06
5,"but in the late 90s he became a born again Christian and he is now a Pastor in the church, he is blessed with 19 kids.",3.0799016e-05,1.44205405e-05,2.247817e-06,1.1465155e-08,0.97963125,0.020321198
6,==,0.12487809,0.21344268,0.0013716145,0.0017026803,0.65860486,7.902394e-08
7,References ==,2.507712e-05,0.018098895,8.9650435e-05,0.06194967,4.4582564e-09,0.9198367
