,Sentence,Business meeting,Coincidence,Education,Music making,Personal life,Public celebration
0,Leif Uvemark (1939–1996) was a Swedish trumpeter and conductor of Leif Uvemark Bigband.,5.037386e-07,5.773497e-07,1.8020192e-08,4.7616333e-09,0.9999989,2.0279194e-09
1,"Born in Malmö in 1939, he played in the NDR Bigband in Hamburg for several years and with James Last orchestra 1969-1975.",3.2687738e-06,5.2582616e-10,1.3719689e-10,0.99811375,0.0018824297,6.237826e-07
2,==,0.12487809,0.21344268,0.0013716145,0.0017026803,0.65860486,7.902394e-08
3,External links ==,0.00023526642,1.3075892e-06,6.913511e-10,2.5650536e-07,3.6421334e-08,0.9997632
4,www.uvemark.se in Swedish,0.031275783,1.1934287e-05,0.4670801,0.05779598,0.3973402,0.04649602
