,Sentence,Business meeting,Coincidence,Education,Music making,Personal life,Public celebration
0,"Miho Karasawa (唐沢 美帆, Karasawa Miho, born July 15, 1983) is a Japanese singer and lyricist from Tokyo who was previously signed to Horipro and is currently signed to Lantis.",0.98776114,6.951456e-11,4.4237248e-07,0.012068774,0.00016954944,2.8794828e-08
1,"Since 2014, she has performed under the stage name True (stylized as TRUE).",0.017088193,0.15456542,0.014047637,0.8142987,2.3866449e-09,8.082236e-09
2,"She has performed theme songs for Violet Evergarden, Buddy Complex, Gargantia on the Verdurous Planet, Maria the Virgin Witch, and Sound!",0.00027923155,8.907642e-07,7.166402e-06,0.99971265,1.3353385e-12,1.15584695e-11
3,"Euphonium, among others.",5.288166e-11,0.4114103,1.6270342e-07,0.58858955,4.8377435e-10,6.5960926e-12
4,"Karasawa made her debut in 2000 with the release of the song ""Anytime, Anywhere"".",0.99986386,3.5030183e-08,1.7790004e-10,0.00013247294,2.0002734e-12,3.7337543e-06
5,==,0.12487809,0.21344268,0.0013716145,0.0017026803,0.65860486,7.902394e-08
6,Discography ==,0.9999943,1.2030798e-08,8.3584145e-10,5.3618996e-06,2.8147706e-09,3.2553942e-07
7,===,0.0018069104,2.1080758e-05,2.7498896e-05,0.00044119143,0.9977034,1.2509519e-11
8,Single ===,9.000919e-10,7.2283154e-05,5.2680826e-07,2.7786905e-07,0.9855159,0.014410964
9,==,0.12487809,0.21344268,0.0013716145,0.0017026803,0.65860486,7.902394e-08
10,References ==,2.507712e-05,0.018098895,8.9650435e-05,0.06194967,4.4582564e-09,0.9198367
11,==,0.12487809,0.21344268,0.0013716145,0.0017026803,0.65860486,7.902394e-08
12,External links ==,0.00023526642,1.3075892e-06,6.913511e-10,2.5650536e-07,3.6421334e-08,0.9997632
13,Lantis profile (in Japanese),0.004803913,0.0030507687,9.738172e-06,0.9919011,0.00018538717,4.9110196e-05
14,Official blog (in Japanese),0.050296076,2.0367153e-07,0.0113843605,0.00035244977,2.5421094e-05,0.9379415
15,Miho Karasawa on Twitter,0.0145437075,1.8745039e-06,0.00014666807,2.6271973e-05,0.009164681,0.9761168
