,Sentence,Business meeting,Coincidence,Education,Music making,Personal life,Public celebration
0,"Ellinor Franzén Almlöv, (born 11 April 1978) is a Swedish singer that has participated twice in Melodifestivalen first in 1996 with the song Finns här för dig, and then in 2001 with the song Om du stannar här.",7.5373265e-07,1.0215114e-06,1.2387974e-06,1.5640015e-06,0.99959415,0.00040128906
1,She has also been the leadsinger of the music group Fjeld.,0.9321666,1.3295316e-07,0.00060530304,7.5717486e-05,0.06714474,7.713063e-06
2,As of 2015 she works as a social secretary in Skövde.,0.6341087,0.00032335886,0.17213057,3.355217e-05,0.005659635,0.1877441
3,==,0.12487809,0.21344268,0.0013716145,0.0017026803,0.65860486,7.902394e-08
4,References ==,2.507712e-05,0.018098895,8.9650435e-05,0.06194967,4.4582564e-09,0.9198367
