,Sentence,Business meeting,Coincidence,Education,Music making,Personal life,Public celebration
0,Francisco Nicasio Jiménez was a Cuban orchestra conductor and dance band director.,0.0775245,3.251245e-10,0.0024244036,0.007604641,1.486447e-05,0.9124316
1,==,0.12487809,0.21344268,0.0013716145,0.0017026803,0.65860486,7.902394e-08
2,Life and career ==,0.999816,0.00018401917,1.175514e-12,5.826383e-16,1.1224866e-11,2.6783466e-08
3,"Francisco Nicasio Jiménez worked in Trinidad, Las Villas, Cuba, in the early 19th century.",0.41813937,0.0017355983,0.0018599326,0.102781504,0.0024028607,0.47308072
4,He was the father of violinist José Julián Jiménez and grandfather of cellist Nicasio and pianist Lico Jiménez.,0.00065118517,2.0999867e-06,0.033207826,0.06858593,0.89755,3.03287e-06
5,His granddaughters Inés and Arcadia Jiménez were singers.,0.047574926,6.20759e-06,0.00053526525,0.42977548,0.150569,0.37153906
6,==,0.12487809,0.21344268,0.0013716145,0.0017026803,0.65860486,7.902394e-08
7,References ==,2.507712e-05,0.018098895,8.9650435e-05,0.06194967,4.4582564e-09,0.9198367
