,Sentence,Business meeting,Coincidence,Education,Music making,Personal life,Public celebration
0,"Todd O'Keefe (born November 10, 1972) is an American singer-songwriter, guitarist and bass player.",0.012145456,0.19016796,0.052684516,0.00022437841,0.74451333,0.00026440347
1,"Artists O'Keefe has worked with include The 88, Ray Davies, Black Francis, Jeff Beck,   Elvis Costello and Rusty Anderson.",0.0012581346,0.01794383,0.97793704,0.00041226236,1.9682204e-06,0.0024467926
2,O'Keefe contributed background vocals to Social Distortion's 2010 release Hard Times and Nursery Rhymes.,5.276763e-05,0.89871526,0.034614768,0.040322375,0.026273018,2.190346e-05
3,He sang on The Posies 2016 album Solid States.,3.5210218e-10,4.3978243e-10,0.0012945881,0.9987054,1.258949e-12,8.416763e-12
4,He was the singer and guitarist for Los Angeles pop rock band The Green and Yellow TV.,0.00019015082,2.2739536e-07,7.0180315e-05,0.0056676324,0.9932488,0.0008230164
5,==,0.12487809,0.21344268,0.0013716145,0.0017026803,0.65860486,7.902394e-08
6,References ==,2.507712e-05,0.018098895,8.9650435e-05,0.06194967,4.4582564e-09,0.9198367
