,Sentence,Business meeting,Coincidence,Education,Music making,Personal life,Public celebration
0,"Ian McFarland is an American musician, director, and producer of music videos.",9.6172604e-05,1.3314138e-07,5.0219825e-07,9.2555155e-07,0.99945813,0.0004441216
1,"He was a bassist for the hardcore punk group Blood for Blood from 1997 to 2004, and then turned to film making as a career.",0.003684115,1.3125804e-06,5.179618e-07,0.99631184,2.3139548e-06,5.463863e-11
2,"He produced and directed Meshuggah's 2010 concert film Alive, and the music video for Killswitch Engage's Grammy-nominated 2013 song In Due Time"".",0.5646593,8.1001283e-10,2.989163e-05,0.43531054,9.508784e-09,2.7818012e-07
3,"In 2017, he directed a documentary about Agnostic Front called The Godfathers of Hardcore.",3.911016e-07,3.6837275e-06,0.0076693846,0.99232084,5.6552776e-06,4.2016154e-08
4,==,0.12487809,0.21344268,0.0013716145,0.0017026803,0.65860486,7.902394e-08
5,References ==,2.507712e-05,0.018098895,8.9650435e-05,0.06194967,4.4582564e-09,0.9198367
6,==,0.12487809,0.21344268,0.0013716145,0.0017026803,0.65860486,7.902394e-08
7,External links ==,0.00023526642,1.3075892e-06,6.913511e-10,2.5650536e-07,3.6421334e-08,0.9997632
8,Ian McFarland at IMDb,0.00029909602,7.1059745e-09,4.301822e-08,5.1620066e-07,0.99969983,4.600629e-07
