,Sentence,Business meeting,Coincidence,Education,Music making,Personal life,Public celebration
0,Hanna-Marie Weydahl (30 June 1922 – 5 January 2016) was a Norwegian pianist.,5.42826e-10,8.529661e-10,1.9362772e-10,1.8971005e-09,1.0,4.110769e-12
1,"She was born in Tjøme, and made her concert debut in Oslo in 1940.",0.99254453,7.3845463e-06,5.094035e-07,1.4797226e-07,0.0068620276,0.00058556546
2,"Among her repertoire was music by Fartein Valen, Harald Sæverud, Klaus Egge, Eivind Groven, Geirr Tveitt, and Alexander Scriabin.",9.176878e-06,3.7177554e-07,3.2723678e-05,0.999548,0.0004097044,9.2893595e-09
3,She lectured at the Norwegian Academy of Music from 1973 to 1991.,0.0007680033,1.6131434e-06,0.05276034,9.044768e-08,1.2022141e-06,0.9464687
4,"She was awarded the Harriet Cohen International Music Award in 1966, and the King's Medal of Merit in gold in 1986.",9.905679e-09,0.0004894755,3.2201954e-06,8.2182e-05,9.5801695e-09,0.9994252
5,==,0.12487809,0.21344268,0.0013716145,0.0017026803,0.65860486,7.902394e-08
6,References ==,2.507712e-05,0.018098895,8.9650435e-05,0.06194967,4.4582564e-09,0.9198367
