,Sentence,Business meeting,Coincidence,Education,Music making,Personal life,Public celebration
0,Rafael Bolívar Coronado was a Venezuelan composer and author.,0.0003619279,9.236517e-08,0.38402522,0.09164896,0.0020116188,0.5219522
1,"He was born on June 6, 1884 in Villa de Cura, Aragua State.",0.0006371957,0.0020927382,4.82204e-06,1.6103886e-06,0.016999107,0.98026454
2,"Bolívar is best known for writing the lyrics of the popular joropo song Alma Llanera, in conjunction with composer Pedro Elías Gutiérrez.",0.0020579305,0.0064326697,0.075428136,0.9000925,2.7197455e-09,0.015988754
3,"Bolívar died on January 31, 1924 in Barcelona, Spain at the age of 39, following complications from influenza.",3.9055685e-06,0.0021257093,0.007378385,0.0007216551,0.98975194,1.8430637e-05
4,==,0.12487809,0.21344268,0.0013716145,0.0017026803,0.65860486,7.902394e-08
5,Sources ==,0.007645562,0.3143481,1.254729e-05,0.0016880321,0.0007003267,0.6756055
6,Efemérides de Venezuela,0.07698577,0.00043838873,4.7056754e-05,0.00031807492,0.010196775,0.9120139
