,Sentence,Business meeting,Coincidence,Education,Music making,Personal life,Public celebration
0,"Francisco de Paula Aguirre (October 20, 1875 – 1939) was a Venezuelan composer.",8.017619e-05,2.1702463e-05,4.3700802e-05,7.955479e-06,0.009922472,0.989924
1,"He wrote many popular waltzes; his most important works include ""Claveles de Galipán"", ""Que bellas son las flores"", ""Dama Antañona"" and the joropo ""Amalia"".",0.76342446,0.017270422,1.9067034e-05,0.056400795,4.890894e-07,0.16288476
2,He died in 1939.,5.987803e-10,9.709037e-12,1.44050984e-08,4.998669e-07,0.9999995,1.26455695e-11
3,==,0.12487809,0.21344268,0.0013716145,0.0017026803,0.65860486,7.902394e-08
4,References ==,2.507712e-05,0.018098895,8.9650435e-05,0.06194967,4.4582564e-09,0.9198367
5,==,0.12487809,0.21344268,0.0013716145,0.0017026803,0.65860486,7.902394e-08
6,External links ==,0.00023526642,1.3075892e-06,6.913511e-10,2.5650536e-07,3.6421334e-08,0.9997632
7,Dama Antañona on YouTube,0.00014247121,0.81361663,0.00010571248,0.0002591257,0.0029861913,0.18288985
