,Sentence,Business meeting,Coincidence,Education,Music making,Personal life,Public celebration
0,"Taylor Larson (born April 28, 1988) is an American record producer, mixer, and audio engineer.",0.000842532,0.7967255,0.20190853,8.2050225e-05,0.00044132533,1.2886797e-08
1,"He has produced, engineered, and/or mixed tracks for Asking Alexandria, Periphery, From First to Last, I See Stars, Veil of Maya, Within Temptation, The Dangerous Summer, Conditions, and Sky Eats Airplane.",1.2110387e-09,0.007665156,0.00015934656,0.9921445,3.0935516e-05,1.1261804e-08
2,He is the guitarist of The Evening.,0.53193307,6.919589e-05,2.5698876e-06,0.46759602,0.00015328826,0.00024587597
3,==,0.12487809,0.21344268,0.0013716145,0.0017026803,0.65860486,7.902394e-08
4,Selected discography ==,0.9800286,5.94928e-08,3.7134132e-07,0.01992867,3.7384572e-07,4.1882155e-05
5,==,0.12487809,0.21344268,0.0013716145,0.0017026803,0.65860486,7.902394e-08
6,References ==,2.507712e-05,0.018098895,8.9650435e-05,0.06194967,4.4582564e-09,0.9198367
