,Sentence,Business meeting,Coincidence,Education,Music making,Personal life,Public celebration
0,"Nifu Haruna, also known by his stage name WizzyPro is a Nigerian record producer and sound engineer.",0.7531681,0.00013430038,0.0052163186,0.051352773,0.0017316358,0.18839683
1,"Best known for his single titled ""Emergency"", WizzyPro is credited as the producer of Patoranking's first official single titled ""Alubarika"" which brought him to limelight.",0.7684814,0.0016362254,2.6299531e-07,0.22902013,0.0008366396,2.5284104e-05
2,WizzyPro is signed to BeatBox and is currently working on his debut studio album titled Lord of the Sound.,0.9936041,4.567915e-10,1.4008933e-08,0.0063958922,6.7464473e-10,1.994578e-09
3,==,0.12487809,0.21344268,0.0013716145,0.0017026803,0.65860486,7.902394e-08
4,Production discography ==,0.9827048,1.5929451e-06,7.465249e-09,0.017293567,1.2260248e-08,1.31789655e-08
5,==,0.12487809,0.21344268,0.0013716145,0.0017026803,0.65860486,7.902394e-08
6,Awards and nominations ==,4.2284873e-06,9.654204e-10,3.5180038e-12,1.5419893e-10,8.16167e-15,0.9999958
7,==,0.12487809,0.21344268,0.0013716145,0.0017026803,0.65860486,7.902394e-08
8,References ==,2.507712e-05,0.018098895,8.9650435e-05,0.06194967,4.4582564e-09,0.9198367
