,Sentence,Business meeting,Coincidence,Education,Music making,Personal life,Public celebration
0,Sean Meadows is an American vocalist and guitarist best recognized as a founding member of June of 44 and The Sonora Pine.,0.00031343775,8.893207e-06,0.9953962,0.00069384393,0.0024985375,0.0010891749
1,"He also played bass guitar with Lungfish and HiM and has performed with many lesser known bands based in Chattanooga, Tennessee.",1.7194561e-05,1.91691e-05,8.7398665e-05,0.99987626,1.5737191e-08,8.200464e-12
2,==,0.12487809,0.21344268,0.0013716145,0.0017026803,0.65860486,7.902394e-08
3,References ==,2.507712e-05,0.018098895,8.9650435e-05,0.06194967,4.4582564e-09,0.9198367
4,==,0.12487809,0.21344268,0.0013716145,0.0017026803,0.65860486,7.902394e-08
5,External links ==,0.00023526642,1.3075892e-06,6.913511e-10,2.5650536e-07,3.6421334e-08,0.9997632
6,Sean Meadows discography at Discogs,0.16617736,0.00047298046,0.037975423,0.00088482985,1.9959318e-06,0.7944874
