,Sentence,Business meeting,Coincidence,Education,Music making,Personal life,Public celebration
0,"Michiru Sasano (笹野 みちる, Sasano Michiru, born 30 October 1967), is a Japanese pop singer and songwriter.",0.0002834903,1.3506939e-06,0.0020846708,0.0225932,0.97503734,9.383557e-11
1,"In 1988, when she was attending college in Doshisha University, a Japanese pop band Tokyo Shōnen was born, where she became the songwriter and vocalist.",0.0025324216,0.0021921364,0.012243107,0.9830322,1.06006084e-07,2.0626387e-09
2,"After the band broke up, she became a solo artist in 1993.",0.9421363,3.3289038e-05,3.4588456e-07,0.05782665,3.3804477e-06,1.2439205e-07
3,==,0.12487809,0.21344268,0.0013716145,0.0017026803,0.65860486,7.902394e-08
4,References ==,2.507712e-05,0.018098895,8.9650435e-05,0.06194967,4.4582564e-09,0.9198367
5,==,0.12487809,0.21344268,0.0013716145,0.0017026803,0.65860486,7.902394e-08
6,External links ==,0.00023526642,1.3075892e-06,6.913511e-10,2.5650536e-07,3.6421334e-08,0.9997632
7,Official website (in Japanese),0.99726546,1.083682e-08,6.9973016e-06,4.68964e-05,6.2964006e-07,0.0026801361
