,Sentence,Business meeting,Coincidence,Education,Music making,Personal life,Public celebration
0,"Sakari Halonen (1923–1992) was a Finnish singer and stage, film and television actor.",0.02743979,6.3374196e-06,7.514814e-06,0.00027654762,0.9665473,0.0057225246
1,==,0.12487809,0.21344268,0.0013716145,0.0017026803,0.65860486,7.902394e-08
2,Selected filmography ==,0.9993844,2.3660364e-07,1.7798152e-08,1.5420081e-06,0.0005353864,7.836989e-05
3,The General's Fiancée (1951),0.032156557,0.0006466732,1.1109884e-05,0.0035402896,0.49188918,0.4717562
4,The Millionaire Recruit (1953),0.71427745,1.2828675e-06,3.1805553e-06,0.00012894407,0.2855835,5.731987e-06
5,==,0.12487809,0.21344268,0.0013716145,0.0017026803,0.65860486,7.902394e-08
6,External links ==,0.00023526642,1.3075892e-06,6.913511e-10,2.5650536e-07,3.6421334e-08,0.9997632
7,Sakari Halonen at IMDb,0.8089032,2.818328e-05,8.903141e-06,0.0002465222,0.19039786,0.00041528852
