,Sentence,Business meeting,Coincidence,Education,Music making,Personal life,Public celebration
0,"Nathan King (born 29 August 1970 from the Isle of Wight) is an English rock musician who has played in three notable bands: Level 42, Frost* and It Bites.",2.5146173e-07,0.2015884,0.00016025847,0.7908171,0.007433925,4.3784445e-11
1,He is the younger brother of Level 42's Mark King.,4.753943e-07,0.0005857108,0.011036586,0.4458418,0.5425354,7.973596e-11
2,"Recently, King has played guitar and bass with The Blockheads.",2.4441154e-06,0.00019607504,1.8576495e-06,0.99979967,9.143447e-11,2.120239e-20
3,King is also a contributor to the 'All About The Bass' series on the Andertons TV YouTube channel.,0.016161483,0.019067684,0.92996347,0.03472359,8.3627965e-05,2.3549981e-07
4,==,0.12487809,0.21344268,0.0013716145,0.0017026803,0.65860486,7.902394e-08
5,References ==,2.507712e-05,0.018098895,8.9650435e-05,0.06194967,4.4582564e-09,0.9198367
