,Sentence,Business meeting,Coincidence,Education,Music making,Personal life,Public celebration
0,"Maey Bautista, also known as Maey B, is a Filipino journalist, actress and comedian, alongside partner, Betong Sumaya, She is best known in Day",0.0015229845,0.18351415,7.3613685e-12,0.00051067275,0.79977494,0.014677286
1,"Off, May Tamang Balita, AHA!, Judith in I Heart Davao and DJ Mema in Destined to be Yours.",0.34927678,0.00016849343,0.008951782,0.5976851,0.039588127,0.0043297135
2,==,0.12487809,0.21344268,0.0013716145,0.0017026803,0.65860486,7.902394e-08
3,Filmography ==,0.99997985,3.8154094e-10,9.0419326e-07,1.224641e-10,4.517803e-06,1.4692185e-05
4,Televisionplus more shows / guestings in GMA News TV,0.00016077088,8.3520814e-07,2.6838187e-09,0.00057148567,0.9991627,0.00010422058
5,the selected list above is incomplete,0.001727829,1.0065431e-06,2.8567392e-05,0.99820757,3.4950433e-05,8.9903064e-11
6,===,0.0018069104,2.1080758e-05,2.7498896e-05,0.00044119143,0.9977034,1.2509519e-11
7,Films ===,0.000111359484,0.0012811136,4.3347463e-08,2.0629207e-06,0.45267862,0.5459268
