,Sentence,Business meeting,Coincidence,Education,Music making,Personal life,Public celebration
0,"María de los Ángeles Loya Sáenz (born 1 October 1944), known by her stage name La Consentida, is a Mexican singer and actress.",0.06952733,5.9208895e-05,0.027549831,0.0011343881,2.0727308e-05,0.90170854
1,"Born in Parral, Chihuahua, she began her career in 1953 when she recorded her first hit single, ""Gorrioncillo pecho amarillo"".",0.5570749,1.5965155e-06,2.3186726e-07,5.2101324e-05,5.6609784e-09,0.44287118
2,"She recorded exclusively for RCA Víctor, and her recordings featured accompaniment by the Mariachi Vargas de Tecalitlán.",0.93289566,0.006222178,2.2477592e-05,0.060859725,5.0971622e-09,5.0779718e-08
3,"She made her film debut as a musical guest in the comedy El hombre inquieto (1954), starring Germán Valdés and Joaquín Pardavé.",0.9999485,5.2964906e-06,4.1134933e-07,2.3401906e-05,2.177204e-12,2.2472344e-05
4,"She acted in Lupe Balazos, starring Lucha Moreno and Julio Aldama.",0.16997238,0.017278299,0.0025519682,0.0009954734,1.6437694e-10,0.80920184
5,==,0.12487809,0.21344268,0.0013716145,0.0017026803,0.65860486,7.902394e-08
6,Discography ==,0.9999943,1.2030798e-08,8.3584145e-10,5.3618996e-06,2.8147706e-09,3.2553942e-07
7,===,0.0018069104,2.1080758e-05,2.7498896e-05,0.00044119143,0.9977034,1.2509519e-11
8,Studio albums ===,0.91877854,0.0066976813,0.03360917,0.040751494,6.715119e-06,0.00015638431
9,"La Consentida, vol.",0.00034555738,4.06247e-05,0.0014967002,0.9217858,0.05798193,0.018349402
10,1,0.012541015,7.751652e-09,1.5576725e-05,7.273161e-09,0.95218307,0.035260305
11,"La Consentida, vol.",0.00034555738,4.06247e-05,0.0014967002,0.9217858,0.05798193,0.018349402
12,2,0.021410875,3.006642e-06,0.08586873,4.3877093e-09,0.019692553,0.8730249
13,==,0.12487809,0.21344268,0.0013716145,0.0017026803,0.65860486,7.902394e-08
14,References ==,2.507712e-05,0.018098895,8.9650435e-05,0.06194967,4.4582564e-09,0.9198367
15,==,0.12487809,0.21344268,0.0013716145,0.0017026803,0.65860486,7.902394e-08
16,External links ==,0.00023526642,1.3075892e-06,6.913511e-10,2.5650536e-07,3.6421334e-08,0.9997632
17,La Consentida at IMDb,0.9993388,0.0001329595,1.1351709e-05,0.00041190517,8.7800845e-07,0.0001040677
