,Sentence,Business meeting,Coincidence,Education,Music making,Personal life,Public celebration
0,"Dano Cerny is a MTV Music Video Award nominated music video director, known for his collaborations with musicians such as LSD (Labrinth, Sia & Diplo),  The Chainsmokers, Halsey, Elle King, Galantis, Wrabel, Bebe Rexha, The Roots,  and Bishop Briggs among others.",0.019848425,2.4167506e-05,0.97289795,6.0298207e-05,0.0071690413,9.3909186e-08
1,==,0.12487809,0.21344268,0.0013716145,0.0017026803,0.65860486,7.902394e-08
2,Music videography,0.034011334,0.00255912,0.007872585,0.16449387,0.026163666,0.7648994
3,==,0.12487809,0.21344268,0.0013716145,0.0017026803,0.65860486,7.902394e-08
4,==,0.12487809,0.21344268,0.0013716145,0.0017026803,0.65860486,7.902394e-08
5,References ==,2.507712e-05,0.018098895,8.9650435e-05,0.06194967,4.4582564e-09,0.9198367
