,Sentence,Business meeting,Coincidence,Education,Music making,Personal life,Public celebration
0,Sergei Sergeyevich Yakovlev (Russian: Сергей Сергеевич Яковлев; 4 August 1925 – 1 January 1996) was a Soviet and Russian actor.,2.86984e-05,7.1887115e-07,5.0861287e-11,2.4647227e-07,0.99996996,3.635142e-07
1,He appeared in more than forty films from 1957 to 1992.,0.99089324,1.1362536e-05,6.2693983e-09,0.00030763124,0.00876156,2.6266322e-05
2,==,0.12487809,0.21344268,0.0013716145,0.0017026803,0.65860486,7.902394e-08
3,Selected filmography ==,0.9993844,2.3660364e-07,1.7798152e-08,1.5420081e-06,0.0005353864,7.836989e-05
4,==,0.12487809,0.21344268,0.0013716145,0.0017026803,0.65860486,7.902394e-08
5,References ==,2.507712e-05,0.018098895,8.9650435e-05,0.06194967,4.4582564e-09,0.9198367
6,==,0.12487809,0.21344268,0.0013716145,0.0017026803,0.65860486,7.902394e-08
7,External links ==,0.00023526642,1.3075892e-06,6.913511e-10,2.5650536e-07,3.6421334e-08,0.9997632
8,Sergei Yakovlev at IMDb,0.9999839,5.8594718e-12,8.488393e-11,2.9379479e-09,1.6098033e-05,1.4874603e-09
