,Sentence,Business meeting,Coincidence,Education,Music making,Personal life,Public celebration
0,"Fumio Yanoguchi (Japanese: 矢野口 文雄, Hepburn: Yanoguchi Fumio, 29 September 1917 – 15 January 1985) was a Japanese recording engineer known for his work with film director Akira Kurosawa.",4.1390713e-06,6.2949035e-11,1.3246313e-09,2.8855922e-07,0.9999956,8.770429e-12
1,"Yanoguchi began working with Kurosawa on the 1949 film Stray Dog, and afterwards began recording the sound for the vast majority of Kurosawa's films until dying late in the production of Ran in 1985.",0.04089692,0.031288523,4.011326e-05,0.79745394,0.13032006,3.7880332e-07
2,He won the Mainichi Film Award for Best Sound Recording for the 1952 film Ikiru.,0.709602,8.963563e-05,0.0009811117,0.0026183508,0.10229515,0.18441378
3,Yanoguchi also worked on Godzilla films such as Mothra vs. Godzilla (1964) and Godzilla vs. Gigan (1972).,0.8857873,0.0003420555,5.4529363e-07,0.10852872,0.0053413697,9.555226e-11
4,==,0.12487809,0.21344268,0.0013716145,0.0017026803,0.65860486,7.902394e-08
5,Filmography ==,0.99997985,3.8154094e-10,9.0419326e-07,1.224641e-10,4.517803e-06,1.4692185e-05
6,His work includes:,0.29102612,1.4906773e-08,4.0347363e-08,0.7089722,1.6251145e-06,3.4286934e-08
7,==,0.12487809,0.21344268,0.0013716145,0.0017026803,0.65860486,7.902394e-08
8,References ==,2.507712e-05,0.018098895,8.9650435e-05,0.06194967,4.4582564e-09,0.9198367
