,Sentence,Business meeting,Coincidence,Education,Music making,Personal life,Public celebration
0,"Jon Klette (9 May 1962 – 31 July 2016) was a Norwegian jazz musician, alto saxophone player, composer and record producer.",4.052878e-10,1.3051135e-07,2.8781841e-09,4.975562e-05,0.9999496,4.4978884e-07
1,"With his group Jazzmob he released the albums The Truth in 1999, and Pathfinder in 2003.",0.00060655054,0.8101249,0.14987363,0.039101098,3.0315772e-07,0.00029346708
2,He established the record company Jazzaway Records in 2003.,0.7635751,3.653969e-07,1.5076864e-05,0.14121771,0.00025801433,0.09493366
3,"He started the band Crimetime Orchestra, where he played with other musicians such as Paal Nilssen-Love, Ingebrigt Håker Flaten, Vidar Johansen, Bugge Wesseltoft, Per Zanussi, Sjur Miljeteig and Kjetil Møster, and their albums include Life Is a Beautiful Monster (2004), Atomic Symphony (2009).",0.98759496,3.4384866e-05,5.1322934e-07,0.011841181,0.00052894745,5.836978e-10
4,==,0.12487809,0.21344268,0.0013716145,0.0017026803,0.65860486,7.902394e-08
5,References ==,2.507712e-05,0.018098895,8.9650435e-05,0.06194967,4.4582564e-09,0.9198367
6,==,0.12487809,0.21344268,0.0013716145,0.0017026803,0.65860486,7.902394e-08
7,External links ==,0.00023526642,1.3075892e-06,6.913511e-10,2.5650536e-07,3.6421334e-08,0.9997632
8,"""Jazzaway"".",3.780609e-05,1.5535974e-07,1.1295997e-08,1.3677899e-06,0.9995054,0.00045528257
