,Sentence,Business meeting,Coincidence,Education,Music making,Personal life,Public celebration
0,"Reinaldo Armas Enguaima (born August 4, 1953), better known as Reynaldo Armas, is a Venezuelan llanero singer and composer.",0.00050611154,8.468019e-07,0.0001943304,0.1752283,0.8176776,0.006392753
1,==,0.12487809,0.21344268,0.0013716145,0.0017026803,0.65860486,7.902394e-08
2,Discography ==,0.9999943,1.2030798e-08,8.3584145e-10,5.3618996e-06,2.8147706e-09,3.2553942e-07
3,El vuelo,2.9868336e-06,0.3466937,0.0003047051,6.746669e-05,4.129861e-06,0.652927
