,Sentence,Business meeting,Coincidence,Education,Music making,Personal life,Public celebration
0,"Cecilia Todd Vallenilla (born March 4, 1951 in Caracas, Venezuela) is a singer and cuatro player.",0.0002776865,0.0067672,2.3916883e-07,0.0012670137,0.0030209809,0.9886669
1,==,0.12487809,0.21344268,0.0013716145,0.0017026803,0.65860486,7.902394e-08
2,References ==,2.507712e-05,0.018098895,8.9650435e-05,0.06194967,4.4582564e-09,0.9198367
