,Sentence,Business meeting,Coincidence,Education,Music making,Personal life,Public celebration
0,Honorio Alarcón (1859–1920) was a Colombian pianist.,1.5143528e-06,1.9608246e-08,5.502232e-10,0.9999969,1.5620851e-06,8.931588e-09
1,"Born in Santa Marta, he trained in the conservatories in Paris and Leipzig in his early 20s.",5.7151925e-07,7.2562227e-09,0.99999714,1.4143883e-07,1.7722385e-06,4.1155218e-07
2,"He won the Felix Mendelssohn Bartholdy award, and was recognized for his playing technique.",1.899487e-07,0.004593803,3.0002468e-12,4.9844813e-05,1.2208731e-07,0.9953561
3,"He returned to Colombia in 1886, where he worked as music director and teacher.",0.008738063,1.4729867e-05,0.99122566,2.102101e-05,1.8904107e-07,2.5529346e-07
4,He eventually rose to leading positions in the Banda Nacional and the Academia Nacional de Música.,0.9364282,0.00034856188,0.048136644,0.015086716,7.534018e-09,9.947535e-10
5,His pupils included Josefina Acosta de Barón.,7.180324e-05,2.8238471e-08,0.9990994,4.1821136e-06,0.0008247039,4.5657105e-09
6,==,0.12487809,0.21344268,0.0013716145,0.0017026803,0.65860486,7.902394e-08
7,References ==,2.507712e-05,0.018098895,8.9650435e-05,0.06194967,4.4582564e-09,0.9198367
