,Sentence,Business meeting,Coincidence,Education,Music making,Personal life,Public celebration
0,Matthew Logan Vasquez is best known as the lead singer/songwriter/guitarist of indie rock group Delta Spirit.,2.4822597e-07,0.9730664,5.318211e-05,0.0012017072,0.02567361,4.8309553e-06
1,He is also a member of indie supergroup Middle Brother.,0.9726378,0.02134163,0.00025782868,0.0057450654,1.765377e-05,7.0145365e-09
2,"He has released three solo albums: Solicitor Returns (2016), Does What He Wants (2017), and Light'n Up (2019).",0.99989295,1.6041793e-11,5.160233e-05,5.536835e-05,1.6088632e-09,7.323269e-10
3,His current project is Billboard-described indie supergroup Glorietta.,0.3250941,1.2632007e-06,7.084388e-05,0.6748325,9.865792e-08,1.1716158e-06
4,"Matt currently lives in Wimberley, Texas when not on tour.",0.0018804801,0.99138683,0.00523305,1.78614e-05,0.00052974705,0.0009520994
5,==,0.12487809,0.21344268,0.0013716145,0.0017026803,0.65860486,7.902394e-08
6,References ==,2.507712e-05,0.018098895,8.9650435e-05,0.06194967,4.4582564e-09,0.9198367
