,Sentence,Business meeting,Coincidence,Education,Music making,Personal life,Public celebration
0,Junaid Wasi is an Indian lyricist.,0.0009495448,0.11777744,0.00051419187,0.25353074,0.36897713,0.25825092
1,He has written lyrics for the notable Hindi film songs and is active as a lyricist and poet for Bollywood film songs.,0.9548366,3.3499073e-06,5.7281255e-07,0.04515631,4.8783175e-08,3.1358588e-06
2,==,0.12487809,0.21344268,0.0013716145,0.0017026803,0.65860486,7.902394e-08
3,Career ==,1.0,4.755348e-13,2.1761231e-17,4.5407227e-19,9.245165e-14,7.685994e-12
4,"Wasi was first noticed as a lyricist after the release of the Bollywood song ""Uska Hi Banana"" from the Horror flick 1920: The Evil Returns in 2012.",6.352245e-06,0.0031213947,5.3752798e-09,0.99687225,3.0482758e-10,2.4456414e-11
5,"His lyrics for ""Uska Hi Banana"" were acclaimed by ""komoi"" His other notable works are the lyrics of the Hindi song ""Baawra Mann"" from the Jolly LLB 2.",0.110670604,0.030354181,7.174898e-06,0.8589675,3.433514e-08,5.55697e-07
6,"Junaid's another romantic song ""Zikr"" from the movie Amavas with Asad khan & Arman Malik in 2019.",2.7428116e-05,0.3887282,5.128915e-07,8.735235e-05,0.001951965,0.6092046
7,==,0.12487809,0.21344268,0.0013716145,0.0017026803,0.65860486,7.902394e-08
8,References ==,2.507712e-05,0.018098895,8.9650435e-05,0.06194967,4.4582564e-09,0.9198367
