,Sentence,Business meeting,Coincidence,Education,Music making,Personal life,Public celebration
0,Tay Schmedtmann (born 25 October 1996) is a German singer.,0.03001458,3.127581e-06,0.0027242408,0.003736694,0.96352136,1.960689e-08
1,He appeared on and won the sixth season of The Voice of Germany.,0.0016039116,0.043868143,0.9392496,0.012675649,0.002560279,4.2394357e-05
2,==,0.12487809,0.21344268,0.0013716145,0.0017026803,0.65860486,7.902394e-08
3,References ==,2.507712e-05,0.018098895,8.9650435e-05,0.06194967,4.4582564e-09,0.9198367
