,Sentence,Business meeting,Coincidence,Education,Music making,Personal life,Public celebration
0,Damien Beaumont is a broadcaster and musician.,0.13505834,0.0003981755,0.5114343,0.042969383,9.905262e-07,0.3101388
1,He is most notable for his work as a broadcaster on Australian Broadcasting Corporation radio station ABC Classic FM.,0.9869414,1.015616e-09,0.0021695965,0.008492774,6.3302723e-06,0.0023898357
2,==,0.12487809,0.21344268,0.0013716145,0.0017026803,0.65860486,7.902394e-08
3,Career ==,1.0,4.755348e-13,2.1761231e-17,4.5407227e-19,9.245165e-14,7.685994e-12
4,"Beaumont graduated from the Elder Conservatorium of Music in Adelaide, where he studied music.",1.0584874e-11,5.123043e-08,0.9999999,7.106241e-08,4.820037e-13,1.3270881e-12
5,"He continued his training as an operatic baritone in England, returned to Australia in 1999 to join the Australian Broadcasting Corporation.",4.6518446e-05,1.1257614e-09,0.99993384,1.9724519e-05,3.6734178e-09,2.4565592e-09
6,"Beaumont now works as a presenter at ABC Classic FM where he presents ""Evenings"".",0.0011132054,0.004782564,0.89605594,0.0015014171,1.1418622e-07,0.09654677
7,==,0.12487809,0.21344268,0.0013716145,0.0017026803,0.65860486,7.902394e-08
8,References ==,2.507712e-05,0.018098895,8.9650435e-05,0.06194967,4.4582564e-09,0.9198367
