,Sentence,Business meeting,Coincidence,Education,Music making,Personal life,Public celebration
0,"Ramón Marcos Enrique Monserrat (born 4 March 1988), better known by his stage name Moncho, is a Swedish rapper, singer, and songwriter.",0.015768955,1.3088551e-05,0.009231013,0.002809434,0.97194886,0.00022857719
1,"He competed in Melodifestivalen 2018 with the song ""Cuba Libre"", and qualified to andra chansen.",0.01613069,0.0035060898,0.00022563658,0.9135795,3.2786e-06,0.066554815
2,"He is the brother of Swedish rapper Dani M, and was born in Sweden to a Finnish mother and Venezuelan father.",4.6085535e-09,1.6151732e-06,5.3080714e-07,1.8202032e-08,0.9997738,0.00022411761
3,==,0.12487809,0.21344268,0.0013716145,0.0017026803,0.65860486,7.902394e-08
4,Discography ==,0.9999943,1.2030798e-08,8.3584145e-10,5.3618996e-06,2.8147706e-09,3.2553942e-07
5,===,0.0018069104,2.1080758e-05,2.7498896e-05,0.00044119143,0.9977034,1.2509519e-11
6,Singles =,0.00032514802,0.15757526,0.00061795657,0.23594217,0.60341454,0.0021248732
7,==,0.12487809,0.21344268,0.0013716145,0.0017026803,0.65860486,7.902394e-08
8,==,0.12487809,0.21344268,0.0013716145,0.0017026803,0.65860486,7.902394e-08
9,References ==,2.507712e-05,0.018098895,8.9650435e-05,0.06194967,4.4582564e-09,0.9198367
