,Sentence,Business meeting,Coincidence,Education,Music making,Personal life,Public celebration
0,Bruce Geoffrey Haymes is an Australian musician.,0.0011979309,2.0967004e-09,4.852413e-09,0.998016,0.0007857905,1.9949945e-07
1,"Since 1976 Haymes has been a member of numerous bands including Avalanche (1978), Richard Clapton Band (1979), Russell Morris and the Rubes (1980–83) and Bachelors from Prague (1985–93).",0.009252318,4.983977e-11,2.0723564e-06,0.9907336,1.1874879e-05,4.5230264e-09
2,"He joined Paul Kelly's Band (1995–97) and was also in Kelly's next group, Professor Ratbaggy (1999–2002).",0.029925724,0.007679408,0.029966824,0.93242776,2.2992008e-07,3.3192665e-10
3,"In 1997 he was part of the Singers for the Red Black & Gold, which released a cover version of ""Yil Lull"" (1998).",0.0010614254,1.9781767e-06,5.234713e-07,0.9989354,6.155652e-07,1.2643493e-07
4,It was nominated for the ARIA Award for Best Indigenous Release.,0.0031207672,0.0014769913,2.0477667e-06,0.91376525,2.2230306e-08,0.08163499
5,"Along with Kelly, Shane O'Mara and fellow members of Professor Ratbaggy, Haymes performed and co-wrote the soundtrack for the feature film, Lantana (2001).",0.0007119789,1.2803047e-13,4.957845e-06,0.99928313,1.5412388e-08,1.2588293e-16
6,For this work he won the ARIA Award for Best Original Soundtrack Album in 2002.,0.64474595,9.598677e-06,4.114716e-06,0.2879121,4.824725e-09,0.06732822
7,==,0.12487809,0.21344268,0.0013716145,0.0017026803,0.65860486,7.902394e-08
8,References ==,2.507712e-05,0.018098895,8.9650435e-05,0.06194967,4.4582564e-09,0.9198367
