,Sentence,Business meeting,Coincidence,Education,Music making,Personal life,Public celebration
0,Gary John Costello (1952–2006) was an Australian jazz double bass player.,0.026087932,0.0015947418,0.000105229585,0.00018125393,0.0018316634,0.97019917
1,"He was a member of Paul Grabowsky Trio, which won the ARIA Award for Best Jazz Album in 1990 and 1996.",0.06638699,1.9400032e-07,0.00030554595,0.9166328,3.0649705e-06,0.016671414
2,"He died aged, 54, after a heart attack.",2.5219713e-08,6.5494225e-12,6.645891e-08,1.0823175e-09,0.9999999,6.328232e-10
3,==,0.12487809,0.21344268,0.0013716145,0.0017026803,0.65860486,7.902394e-08
4,Discography ==,0.9999943,1.2030798e-08,8.3584145e-10,5.3618996e-06,2.8147706e-09,3.2553942e-07
5,"Barry Duggan, Allan Browne, Gary Costello",0.0003226846,1.5842344e-06,1.2133543e-09,3.5316197e-07,9.2980805e-08,0.9996753
6,L'Etranger (1997) - NewmarketGary Norman/Gary Costello,0.0070217974,2.0781268e-08,4.5395485e-08,0.98747057,0.0052133794,0.0002942091
7,Bebop Bros (2006) - Newmarket,0.0017403035,5.674881e-06,7.6768675e-10,0.99824214,8.925499e-06,2.9532569e-06
