,Sentence,Business meeting,Coincidence,Education,Music making,Personal life,Public celebration
0,"Erik Oluf Tuxen (4 July 1902 – 28 August 1957) was a Danish big band leader, composer and arranger, who worked for most of his life in Denmark.",6.4335254e-06,0.00016290999,0.00022143463,5.9963556e-10,0.9996093,4.252663e-09
1,From 1936 until his death by cancer on 28 August 1957 he was conductor at the Danish National Symphony Orchestra of Danish Radio.,0.018815206,6.8969086e-10,2.2433727e-07,7.662571e-10,0.98118454,2.913862e-08
2,"Along with Thomas Jensen and Launy Grøndahl, Tuxen pioneered performances and recordings of Carl Nielsen's music.",5.4219352e-05,0.01516808,0.9841818,6.60593e-06,0.0005893248,6.7969723e-09
3,"Tuxen was also a prolific film arranger, responsible for the musical direction for many Danish films in the 1930s and 1940s.",0.94405454,0.0001801853,0.015887702,1.7429276e-05,0.039860092,5.6383667e-09
4,He was also a jazz bandleader.,0.53047633,1.5895341e-07,0.007412667,0.0762457,0.38583386,3.1214786e-05
5,He gave the British premiere of Nielsen's Fifth Symphony at the 1950 Edinburgh International Festival where it created a sensation.,0.0079614865,0.0023875497,0.8010569,0.15628569,0.03063517,0.001673259
6,Later that year he premiered the work on disc.,0.00020924651,1.6320693e-06,9.237651e-09,0.99978524,1.739414e-10,3.8885914e-06
7,==,0.12487809,0.21344268,0.0013716145,0.0017026803,0.65860486,7.902394e-08
8,References ==,2.507712e-05,0.018098895,8.9650435e-05,0.06194967,4.4582564e-09,0.9198367
