,Sentence,Business meeting,Coincidence,Education,Music making,Personal life,Public celebration
0,"Sam de Jong (born 20 March 1989), is a record producer, songwriter, and multi-instrumentalist from Auckland, New Zealand based in Los Angeles, California.",2.2554814e-05,0.0051510623,0.9922322,3.2869056e-07,0.002593842,5.363986e-08
1,==,0.12487809,0.21344268,0.0013716145,0.0017026803,0.65860486,7.902394e-08
2,Career ==,1.0,4.755348e-13,2.1761231e-17,4.5407227e-19,9.245165e-14,7.685994e-12
3,"Making his start in the music industry at 16 years old as a touring drummer, Sam is best known for his work as a producer and songwriter for artists including; Rudimental, Alec Benjamin, Lennon Stella, Gracie Abrams, Amy Shark, Marina, Little Mix, Pale Waves, Noah Kahan, Maisie Peters, Anson Seabra, Thirty Seconds to Mars, Gary Clark Jr & Muse.",0.79758173,3.230263e-05,0.15798979,0.04437891,1.7088065e-05,1.0541183e-07
4,"Sam is published by Sony Music Publishing, and is based in Los Angeles.",0.058766734,2.8540942e-06,0.00012624786,0.940809,1.5558851e-05,0.0002795887
5,==,0.12487809,0.21344268,0.0013716145,0.0017026803,0.65860486,7.902394e-08
6,Select discography ==,0.0005332359,0.00030396038,5.6104454e-09,0.9586126,1.5443624e-07,0.040550098
7,==,0.12487809,0.21344268,0.0013716145,0.0017026803,0.65860486,7.902394e-08
8,References ==,2.507712e-05,0.018098895,8.9650435e-05,0.06194967,4.4582564e-09,0.9198367
