,Sentence,Business meeting,Coincidence,Education,Music making,Personal life,Public celebration
0,Ron Hurst (born c. 1950) is an American musician.,1.3217294e-09,3.2391978e-10,9.938307e-10,2.0257623e-07,0.99999976,3.5830505e-11
1,Since 1984 he has been the drummer for American rock band Steppenwolf.,0.00016331614,0.9997017,3.2129947e-07,2.8308728e-05,0.000105795654,4.6749065e-07
2,"He resides in Hillsboro, Oregon, in the Portland area where he teaches drums at a studio.",2.6882557e-05,0.0005888786,0.9531904,3.954918e-05,0.046154127,1.7833268e-07
3,"Hurst moved from Nashville, Tennessee, to the Hillsboro area in 2003.",0.0074144383,0.015960997,0.0074909492,0.0021966822,0.9669366,3.106548e-07
4,"He grew up in Holyoke, Massachusetts before moving to New York City and Nashville.",0.00072263886,0.001088698,9.865896e-05,0.00032670534,0.9977501,1.3175393e-05
5,His daughter is in a band called In Retrograde.,1.8325347e-05,8.842274e-05,0.00015236816,0.053818148,0.9458824,4.031517e-05
6,"In addition to drums, he has also done vocal work with the band.",0.0035678588,4.101525e-06,0.00064463314,0.99578345,3.4991263e-11,1.8034178e-17
7,==,0.12487809,0.21344268,0.0013716145,0.0017026803,0.65860486,7.902394e-08
8,References ==,2.507712e-05,0.018098895,8.9650435e-05,0.06194967,4.4582564e-09,0.9198367
