,Sentence,Business meeting,Coincidence,Education,Music making,Personal life,Public celebration
0,"Chris Porter (November 27, 1979) is an American comedian and finalist on season 4 of Last Comic Standing.",4.8571565e-05,0.0071836757,1.3920922e-09,1.4990102e-06,6.755261e-05,0.9926987
1,"He has also appeared on The Bob & Tom Show, Comedy Central's Live Tour, and appeared on Live at Gotham in Summer 2006.",5.3536386e-08,0.67289275,1.1774546e-08,0.32710713,1.6124888e-13,1.00861566e-13
2,"In 2009, Porter made an appearance on Comedy Central Presents.",5.6561166e-05,0.9976726,5.415309e-07,0.0021470853,3.1266444e-07,0.00012268106
3,"His 2014 comedy special ""Chris Porter: Ugly and Angry"" is available for streaming on Amazon Prime, as is the 2019 follow-up, ""Man From Kansas"".",5.7570927e-05,0.032054335,0.012313172,0.49481893,0.03757448,0.42318144
4,"Porter is from Shawnee, Kansas and currently resides in Los Angeles, California.",2.899971e-08,3.739845e-07,2.6785547e-05,5.6603094e-11,0.9999713,1.4975898e-06
5,==,0.12487809,0.21344268,0.0013716145,0.0017026803,0.65860486,7.902394e-08
6,External links ==,0.00023526642,1.3075892e-06,6.913511e-10,2.5650536e-07,3.6421334e-08,0.9997632
7,Official website,0.0012255516,4.507715e-12,3.0528519e-10,4.2257152e-08,5.4052973e-12,0.99877435
8,Comedy Central profile,0.9939318,0.0060416944,7.060919e-13,7.870852e-09,1.5571882e-12,2.6541356e-05
