,Sentence,Business meeting,Coincidence,Education,Music making,Personal life,Public celebration
0,Malou Trasthe Prytz (born 6 March 2003) is a Swedish singer.,0.00038151216,1.653725e-05,3.0962763e-08,1.47260635e-05,0.99958724,1.5081211e-12
1,"Prytz competed in Melodifestivalen 2019 with the song ""I Do Me"" in the second semi-final, qualifying to the final.",6.693205e-08,0.00011560473,5.547415e-11,0.99941146,0.0004357276,3.712497e-05
2,"She resides in Ryd in Småland, Sweden.",0.00022839806,0.0006052353,0.18369702,3.4372813e-06,0.80242586,0.0130401235
3,==,0.12487809,0.21344268,0.0013716145,0.0017026803,0.65860486,7.902394e-08
4,Discography ==,0.9999943,1.2030798e-08,8.3584145e-10,5.3618996e-06,2.8147706e-09,3.2553942e-07
5,===,0.0018069104,2.1080758e-05,2.7498896e-05,0.00044119143,0.9977034,1.2509519e-11
6,Extended plays =,5.921119e-09,4.1722123e-10,1.3365619e-14,1.0,1.2161136e-14,2.6518666e-11
7,==,0.12487809,0.21344268,0.0013716145,0.0017026803,0.65860486,7.902394e-08
8,===,0.0018069104,2.1080758e-05,2.7498896e-05,0.00044119143,0.9977034,1.2509519e-11
9,Singles =,0.00032514802,0.15757526,0.00061795657,0.23594217,0.60341454,0.0021248732
10,==,0.12487809,0.21344268,0.0013716145,0.0017026803,0.65860486,7.902394e-08
11,===,0.0018069104,2.1080758e-05,2.7498896e-05,0.00044119143,0.9977034,1.2509519e-11
12,Featured singles =,2.4449293e-05,4.4616133e-08,1.6520772e-12,0.9999739,3.3286853e-09,1.6566704e-06
13,==,0.12487809,0.21344268,0.0013716145,0.0017026803,0.65860486,7.902394e-08
14,==,0.12487809,0.21344268,0.0013716145,0.0017026803,0.65860486,7.902394e-08
15,Notes ==,7.162041e-06,1.9643503e-06,1.0284601e-05,0.99997175,8.6912805e-06,6.415648e-08
16,==,0.12487809,0.21344268,0.0013716145,0.0017026803,0.65860486,7.902394e-08
17,References ==,2.507712e-05,0.018098895,8.9650435e-05,0.06194967,4.4582564e-09,0.9198367
18,==,0.12487809,0.21344268,0.0013716145,0.0017026803,0.65860486,7.902394e-08
19,External links ==,0.00023526642,1.3075892e-06,6.913511e-10,2.5650536e-07,3.6421334e-08,0.9997632
20,Media related to Malou Prytz at Wikimedia Commons,7.204531e-07,0.98457193,9.227662e-07,0.00013213091,0.015234186,6.0042345e-05
