,Sentence,Business meeting,Coincidence,Education,Music making,Personal life,Public celebration
0,"Ryōta Komatsu (小松亮太, Komatsu Ryōta) (born October 30, 1973) is a Japanese bandoneón player.",7.622696e-08,1.1172914e-05,3.6190337e-05,0.0020802708,0.99787223,4.9010895e-14
1,"He has cooperated with Japanese violinist Taro Hakase in his own album La Trampera (2001), and with Bajofondo in their album Mar Dulce.",0.262253,0.0018063885,0.7358081,0.00013143691,2.8748131e-08,1.1116813e-06
2,==,0.12487809,0.21344268,0.0013716145,0.0017026803,0.65860486,7.902394e-08
3,External links ==,0.00023526642,1.3075892e-06,6.913511e-10,2.5650536e-07,3.6421334e-08,0.9997632
4,(in Japanese) Official website,0.9980083,6.8956956e-09,2.2600403e-05,0.0005967791,4.2642328e-06,0.0013680579
5,(in Japanese) Ryōta Komatsu on Sony Music Online,3.5743394e-06,8.2263796e-08,0.23626071,0.763419,0.00031671693,2.4339971e-11
