,Sentence,Business meeting,Coincidence,Education,Music making,Personal life,Public celebration
0,"Ove Kristian Sundberg (22 June 1932 – 4 February 2019) was a Norwegian church musician, musicologist and historian of ideas.",3.5195827e-10,2.8689277e-07,0.00022743351,6.395792e-10,0.99977225,6.2191976e-09
1,Sundberg was born in Øksnes.,7.378814e-06,5.778685e-07,6.9499474e-05,8.77868e-11,0.9999225,2.4630822e-08
2,From 1962 to 1975 he served as organist at the Bodø Cathedral.,3.4521156e-07,1.2470528e-08,0.9995977,7.2384566e-08,4.4868437e-05,0.00035690833
3,"He was appointed rector at Agder Musikkonservatorium from 1975 to 1976, and was assigned with the University of Oslo from 1979 to 1987.",0.00025162115,1.2069125e-10,0.99973136,3.6168065e-11,1.6461188e-05,5.775746e-07
4,"He was appointed professor at the University of Trondheim from 1988 to 1994, and was later professor at the University of Oslo.",6.55794e-07,1.0298754e-08,0.9973066,8.6675936e-12,6.572361e-08,0.0026925697
5,"His publications include Musikk og liturgi from 1971, Pythagoras og de tonende tall from 1980, a monography of Igor Stravinsky from 1983, and three volumes of Musikktenkningens historie (2000–2007).",6.984623e-05,2.0240894e-05,6.3415115e-05,1.9425427e-06,0.0025689127,0.99727565
6,He was awarded the King's Medal of Merit in gold in 1997.,9.694867e-09,1.6634752e-09,8.906493e-09,8.333602e-06,4.465006e-06,0.9999871
7,==,0.12487809,0.21344268,0.0013716145,0.0017026803,0.65860486,7.902394e-08
8,References ==,2.507712e-05,0.018098895,8.9650435e-05,0.06194967,4.4582564e-09,0.9198367
