,Sentence,Business meeting,Coincidence,Education,Music making,Personal life,Public celebration
0,John Cadeliña is a Filipino Pop Christian singer and also an arranger of gospel songs.,2.0298167e-08,6.800646e-06,1.1947726e-05,0.000674389,0.40544003,0.5938668
1,"He had formed the band called Skeights, when he became a finalist in the talent show Pilipinas Got Talent Season 2.",0.99112904,2.8759172e-05,5.6924542e-05,1.672881e-05,0.0087391,2.9454655e-05
2,"In 2015, he had also collaborated with Fr.",0.004518654,2.6073502e-08,0.55201805,0.44345975,3.4861234e-06,4.520981e-11
3,Raul G. Caga SVD and Laarni Lozada for the album Gracious Mercy and on the same year he also been released his Album called Follow The Light.,7.476157e-07,0.00091731804,0.8141129,0.18479143,0.00017755594,1.9764203e-08
4,"In 2016, he also competed for Vispop Music Festival with Irving Guazon.",0.05571867,0.00010569163,5.0738774e-05,0.75701064,0.0022172346,0.18489696
5,==,0.12487809,0.21344268,0.0013716145,0.0017026803,0.65860486,7.902394e-08
6,References ==,2.507712e-05,0.018098895,8.9650435e-05,0.06194967,4.4582564e-09,0.9198367
