,Sentence,Business meeting,Coincidence,Education,Music making,Personal life,Public celebration
0,Samuel Rösch (born 24 August 1994) is a German singer.,4.3736087e-08,0.9882733,0.00234522,3.275581e-05,0.009347677,1.0405226e-06
1,He appeared on and won the eighth season of The Voice of Germany.,0.00016991317,0.006700214,0.99285346,0.000106890984,8.510502e-05,8.4432904e-05
2,==,0.12487809,0.21344268,0.0013716145,0.0017026803,0.65860486,7.902394e-08
3,References ==,2.507712e-05,0.018098895,8.9650435e-05,0.06194967,4.4582564e-09,0.9198367
