,Sentence,Business meeting,Coincidence,Education,Music making,Personal life,Public celebration
0,Richard Colburn (born 25 July 1970) is the drummer of the Scottish indie band Belle & Sebastian.,0.00055928587,2.351544e-05,7.955922e-05,0.99006176,0.009275634,1.9360475e-07
1,"Before he joined Belle & Sebastian, he used to sell pies on match days outside Celtic Park and studied Music Business at Stow College.",8.871101e-09,6.4037336e-06,0.99999356,2.3075765e-08,1.5183993e-12,4.547978e-10
2,He drummed on early Snow Patrol sessions and is one of the founding members of The Reindeer Section.,0.00093106925,2.5064983e-06,4.8945567e-06,0.9624233,0.03645251,0.00018564715
3,==,0.12487809,0.21344268,0.0013716145,0.0017026803,0.65860486,7.902394e-08
4,Personal life ==,0.002554406,0.00046550567,4.8373266e-07,1.0761044e-09,8.063284e-05,0.996899
5,Colburn is from the Scottish city of Perth.,0.0005723947,5.4618704e-06,0.051328186,0.00067770056,0.79481316,0.15260312
6,His grandfather was fellow musician Bill Wilkie.,0.54236424,4.061078e-05,0.014584157,0.00015567392,0.44285533,1.0473402e-08
7,==,0.12487809,0.21344268,0.0013716145,0.0017026803,0.65860486,7.902394e-08
8,References ==,2.507712e-05,0.018098895,8.9650435e-05,0.06194967,4.4582564e-09,0.9198367
