,Sentence,Business meeting,Coincidence,Education,Music making,Personal life,Public celebration
0,"Ljubomir Aličić (Serbian Cyrillic: Љубомир Аличић; born 2 November 1955), known by his stage name Ljuba Aličić (Serbian Cyrillic: Љуба Аличић), is a Serbian and former FPR-Yugoslavian folk singer.",0.095120355,0.03128528,0.00254954,0.0038053337,0.865113,0.0021265098
1,His career has been lasting more than five decades.,1.0,5.84489e-15,5.2550987e-15,2.4795907e-13,8.6804414e-10,4.7711435e-11
2,"His biggest hit is the 2003 single-song ""Ciganin sam, al’ najlepši"".",0.99306303,3.934414e-06,1.7205276e-09,0.0063505857,3.1603853e-05,0.00055080187
3,==,0.12487809,0.21344268,0.0013716145,0.0017026803,0.65860486,7.902394e-08
4,References ==,2.507712e-05,0.018098895,8.9650435e-05,0.06194967,4.4582564e-09,0.9198367
5,==,0.12487809,0.21344268,0.0013716145,0.0017026803,0.65860486,7.902394e-08
6,External links ==,0.00023526642,1.3075892e-06,6.913511e-10,2.5650536e-07,3.6421334e-08,0.9997632
7,Ljuba Aličić discography at Discogs,0.99175006,0.007749906,3.0160969e-05,0.00022492562,1.6552244e-07,0.00024473935
