,Sentence,Business meeting,Coincidence,Education,Music making,Personal life,Public celebration
0,"Jim McCrary (August 31, 1939 – April 29, 2012) was an American photographer known for his 1970s album covers, most notably Carole King's Tapestry, The Carpenters' Ticket to Ride, and Joe Cocker's Mad Dogs and Englishmen.",0.0019074804,0.00056541304,5.2218646e-10,1.1825609e-10,2.5499736e-05,0.99750155
1,==,0.12487809,0.21344268,0.0013716145,0.0017026803,0.65860486,7.902394e-08
2,References ==,2.507712e-05,0.018098895,8.9650435e-05,0.06194967,4.4582564e-09,0.9198367
3,==,0.12487809,0.21344268,0.0013716145,0.0017026803,0.65860486,7.902394e-08
4,External links ==,0.00023526642,1.3075892e-06,6.913511e-10,2.5650536e-07,3.6421334e-08,0.9997632
5,Obituary,2.2499459e-10,7.3731526e-10,7.7028886e-08,1.940792e-14,1.6997793e-06,0.9999982
