,Sentence,Business meeting,Coincidence,Education,Music making,Personal life,Public celebration
0,"Ali Fethi Ben Mohamed Ben Brahim Riahi (Arabic:علي الرياحي), (March 30, 1912 Tunis – Mars 17, 1970), was a Tunisian singer and composer.",4.9850487e-06,7.42355e-08,1.1271419e-09,1.4198988e-06,0.9999865,7.006639e-06
1,He is the grandson of Sidi Brahim Riahi .,0.00049672223,1.8853349e-07,0.0003550042,0.036872137,0.9618699,0.0004060358
2,"In 1938, Othman Kaak invited Riahi to join the radio, which was still in its infancy.",0.69106275,0.008234104,0.03964768,0.2242295,0.0020554522,0.03477053
3,"In 1950, the BBC devoted a complimentary program to him.",0.24925266,0.000434158,4.7121743e-05,0.5173283,0.007496485,0.22544132
4,"The documents highlight, among other things, its decoration in 1954 by Muhammad VIII al-Amin of Nichan al Iftikhar (former Tunisian honorary order).",1.090924e-06,1.9133218e-05,1.7503384e-06,0.0004571512,1.7654935e-06,0.9995191
5,==,0.12487809,0.21344268,0.0013716145,0.0017026803,0.65860486,7.902394e-08
6,References ==,2.507712e-05,0.018098895,8.9650435e-05,0.06194967,4.4582564e-09,0.9198367
