,Sentence,Business meeting,Coincidence,Education,Music making,Personal life,Public celebration
0,"Acario Cotapos Baeza (April 30, 1889 - November 22, 1969) was a Chilean composer.",0.6731507,1.6296632e-05,0.00010045835,0.06309238,0.2540535,0.009586676
1,He won the National Prize of Art of Chile in 1960.,0.0039092666,0.00016643076,0.003341777,7.154923e-07,6.138398e-08,0.9925817
2,==,0.12487809,0.21344268,0.0013716145,0.0017026803,0.65860486,7.902394e-08
3,References ==,2.507712e-05,0.018098895,8.9650435e-05,0.06194967,4.4582564e-09,0.9198367
