,Sentence,Business meeting,Coincidence,Education,Music making,Personal life,Public celebration
0,Marc-César Scotto (1888 – 6 February 1960) was a Monegasque composer.,0.019008124,0.04019667,0.56192887,0.00049627165,0.3436887,0.03468137
1,"His work was part of the art competitions at the 1928 Summer Olympics, the 1932 Summer Olympics, and the 1936 Summer Olympics.",1.7880322e-05,0.0010387081,0.0040597375,0.0009813997,0.9913862,0.0025160923
2,==,0.12487809,0.21344268,0.0013716145,0.0017026803,0.65860486,7.902394e-08
3,References ==,2.507712e-05,0.018098895,8.9650435e-05,0.06194967,4.4582564e-09,0.9198367
