,Sentence,Business meeting,Coincidence,Education,Music making,Personal life,Public celebration
0,The Dutty Moonshine Big Band are a British electronic dance music group.,0.82634383,0.007964412,0.0005270341,0.1631033,0.00041225835,0.001649163
1,"In June 2020, their second album, City of Sin, reached number 40 on the UK Albums Chart and number one on the UK Dance Albums Chart.",0.0012006813,3.5220169e-06,0.006431033,0.9923464,1.834515e-05,1.1282308e-08
2,==,0.12487809,0.21344268,0.0013716145,0.0017026803,0.65860486,7.902394e-08
3,References ==,2.507712e-05,0.018098895,8.9650435e-05,0.06194967,4.4582564e-09,0.9198367
