,Sentence,Business meeting,Coincidence,Education,Music making,Personal life,Public celebration
0,Ann Mincieli is a recording and mix engineer.,3.1890675e-05,7.176121e-05,0.00038268897,0.99613,0.0024236077,0.0009600142
1,She is best known for her work with Alicia Keys.,0.7703789,1.8031951e-08,0.06430912,0.16493447,5.4958778e-06,0.0003719836
2,Mincieli has two Grammy Awards and four nominations.,0.00020016312,2.6167749e-05,1.1302683e-06,0.15484798,9.0632156e-08,0.8449245
3,==,0.12487809,0.21344268,0.0013716145,0.0017026803,0.65860486,7.902394e-08
4,Work with Alicia Keys ==,0.0019385089,7.793137e-06,0.004695193,0.9933286,4.1814023e-06,2.5771946e-05
5,Mincieli is co-founder of Jungle City Studios with Alicia Keys.,3.1389746e-10,2.362226e-07,1.4512042e-08,0.9999994,3.0002894e-07,2.4910268e-10
6,"She is a partner with Alicia Keys in She Is the Music, a non-profit organization to increase the number of women in the music industry.",0.41114628,4.026819e-06,0.002276566,0.58232397,1.8256392e-07,0.004248945
7,==,0.12487809,0.21344268,0.0013716145,0.0017026803,0.65860486,7.902394e-08
8,References ==,2.507712e-05,0.018098895,8.9650435e-05,0.06194967,4.4582564e-09,0.9198367
