,Sentence,Business meeting,Coincidence,Education,Music making,Personal life,Public celebration
0,"Lawrence Nana Asiamah Hanson, popularly known as Bulldog, is an artiste manager in Ghana.",0.87460685,0.10616425,0.003254707,0.01564149,0.00032634247,6.3774587e-06
1,He was the long-time manager for controversial Ghanaian Musician Shatta Wale before they fell out.,0.95551634,6.6056197e-07,6.2566446e-06,7.796642e-09,1.3504489e-06,0.044475302
2,==,0.12487809,0.21344268,0.0013716145,0.0017026803,0.65860486,7.902394e-08
3,Personal life ==,0.002554406,0.00046550567,4.8373266e-07,1.0761044e-09,8.063284e-05,0.996899
4,Bulldog is married with three kids; two girls and a boy.,4.1889093e-06,0.00075604394,1.601849e-08,2.7764326e-09,0.9357255,0.06351418
5,==,0.12487809,0.21344268,0.0013716145,0.0017026803,0.65860486,7.902394e-08
6,References ==,2.507712e-05,0.018098895,8.9650435e-05,0.06194967,4.4582564e-09,0.9198367
