,Sentence,Business meeting,Coincidence,Education,Music making,Personal life,Public celebration
0,Cristina Martinez is an American rock singer.,0.04531175,7.324194e-07,6.8235795e-07,0.9545402,0.00014335384,3.268768e-06
1,She is best known as the lead singer of Boss Hog.,0.98177516,0.00054495747,0.001377252,0.016180143,0.00012251046,8.2379653e-10
2,She has also been a member of Pussy Galore and The Honeymoon Killers.,0.98112905,5.301194e-07,8.737874e-07,0.018868878,1.685766e-11,7.471377e-07
3,"Her husband, guitarist Jon Spencer, collaborated with her in all three bands.",0.05462221,0.00020723946,0.003188214,0.94195676,2.5387162e-05,2.4827582e-07
4,"Her music has included elements of blues, grunge, noise rock and new wave.",0.06565014,0.0050950116,0.484872,0.4435286,7.0097114e-05,0.00078421005
5,"She has been referred to as a sex symbol, and has appeared nude on album covers and in concert.",0.12011643,0.012225105,2.191209e-09,0.055031713,5.6378076e-09,0.8126268
6,==,0.12487809,0.21344268,0.0013716145,0.0017026803,0.65860486,7.902394e-08
7,References ==,2.507712e-05,0.018098895,8.9650435e-05,0.06194967,4.4582564e-09,0.9198367
