,Sentence,Business meeting,Coincidence,Education,Music making,Personal life,Public celebration
0,"Haris Džinović (born 26 September 1951) is a Bosnian and former Yugoslavian folk singer, composer and lyricist.",8.011852e-06,0.027641589,0.25175798,0.002876123,0.7168042,0.00091210805
1,"Džinović is one of the best known singers of Southeastern Europe, having been active on the music scene since 1981, when he founded his own group Sar e Roma, with which he recorded three albums from 1982 to 1985.",0.5417278,0.0033710022,0.4405036,0.00010036569,0.014295948,1.2589446e-06
2,He has been a solo singer since 1989.,0.9994425,1.7760194e-11,1.0246041e-06,0.00021745302,0.000336944,1.970756e-06
3,==,0.12487809,0.21344268,0.0013716145,0.0017026803,0.65860486,7.902394e-08
4,References ==,2.507712e-05,0.018098895,8.9650435e-05,0.06194967,4.4582564e-09,0.9198367
5,==,0.12487809,0.21344268,0.0013716145,0.0017026803,0.65860486,7.902394e-08
6,External links ==,0.00023526642,1.3075892e-06,6.913511e-10,2.5650536e-07,3.6421334e-08,0.9997632
7,Haris Džinović discography at Discogs,0.006588196,0.8579179,0.10316066,0.0017207147,0.00014393778,0.030468592
