,Sentence,Business meeting,Coincidence,Education,Music making,Personal life,Public celebration
0,"Thomas ""Tom"" E. Flaherty (born 1950) is an American cellist, composer, and musicologist.",1.2801164e-05,6.0984985e-16,3.1507066e-09,6.611212e-09,0.99998724,3.054369e-13
1,"He is the John P. and Magdalena R. Dexter Professor of Music at Pomona College in Claremont, California.",9.201824e-06,2.7126323e-08,0.99958867,7.1540144e-06,2.264338e-05,0.0003723547
2,==,0.12487809,0.21344268,0.0013716145,0.0017026803,0.65860486,7.902394e-08
3,References ==,2.507712e-05,0.018098895,8.9650435e-05,0.06194967,4.4582564e-09,0.9198367
4,==,0.12487809,0.21344268,0.0013716145,0.0017026803,0.65860486,7.902394e-08
5,External links ==,0.00023526642,1.3075892e-06,6.913511e-10,2.5650536e-07,3.6421334e-08,0.9997632
6,Faculty page at Pomona College,3.3335167e-05,5.936798e-06,0.15171391,6.773367e-06,1.5236e-06,0.8482385
