,Sentence,Business meeting,Coincidence,Education,Music making,Personal life,Public celebration
0,"Mark Abrahams (born 30 September 1978, Leeds, England) is an English guitarist, known as current member of Wishbone Ash.",2.8929751e-05,5.7842476e-07,0.0003118442,0.999645,1.3763146e-05,7.9699497e-10
1,He replaced guitarist Muddy Manninen in May 2017.,0.2981523,0.0140882265,0.68747383,0.00028117758,2.4980811e-06,2.0243413e-06
2,==,0.12487809,0.21344268,0.0013716145,0.0017026803,0.65860486,7.902394e-08
3,References ==,2.507712e-05,0.018098895,8.9650435e-05,0.06194967,4.4582564e-09,0.9198367
4,==,0.12487809,0.21344268,0.0013716145,0.0017026803,0.65860486,7.902394e-08
5,External links ==,0.00023526642,1.3075892e-06,6.913511e-10,2.5650536e-07,3.6421334e-08,0.9997632
6,Mark Abrahams on Twitter,0.00094577513,0.12428988,0.21460824,0.0023571188,0.6451968,0.012602209
