,Sentence,Business meeting,Coincidence,Education,Music making,Personal life,Public celebration
0,"Takayo Mimura (三村恭代, Mimura Takayo, born September 25, 1985) is a Japanese actress.",4.540818e-07,4.9265225e-10,3.1462432e-06,5.838338e-07,0.9999958,4.840652e-14
1,Mimura is best known for her role as Kayoko Kotohiki in Battle Royale.,2.4249496e-07,0.00074039015,0.0023939745,0.993189,0.0036764396,8.247446e-10
2,She also appears as a supporting role in Linda Linda Linda.,6.227086e-05,0.047913387,2.1652046e-05,0.9520027,4.9598903e-09,1.3850463e-09
3,==,0.12487809,0.21344268,0.0013716145,0.0017026803,0.65860486,7.902394e-08
4,External links ==,0.00023526642,1.3075892e-06,6.913511e-10,2.5650536e-07,3.6421334e-08,0.9997632
5,Takayo Mimura at IMDb,0.18736072,5.6245224e-08,1.0122056e-05,0.00031251222,0.8123166,6.046688e-11
