,Sentence,Business meeting,Coincidence,Education,Music making,Personal life,Public celebration
0,"Ayako Uehara (上原 彩子, Uehara Ayako, born July 30, 1980 in Takamatsu, Kagawa Prefecture) is a Japanese classical pianist.",0.00087235606,8.48671e-09,0.0033657718,3.227819e-07,0.99576145,6.2350146e-08
1,She won 2nd prize in the 2000 Sydney International Piano Competition.,2.7835617e-07,6.4656695e-07,0.66487217,0.077908434,0.00037325,0.25684518
2,In 2002 she became the first woman (and first Japanese citizen) to win the Tchaikovsky International Piano Competition.,0.15899326,6.4875094e-05,0.09467727,0.030205835,0.25466248,0.46139634
3,==,0.12487809,0.21344268,0.0013716145,0.0017026803,0.65860486,7.902394e-08
4,References ==,2.507712e-05,0.018098895,8.9650435e-05,0.06194967,4.4582564e-09,0.9198367
