,Sentence,Business meeting,Coincidence,Education,Music making,Personal life,Public celebration
0,"Julian Frederick Gordon 'Pye' Hastings (born 21 January 1947 in Tomnavoulin, Banffshire, Scotland) is a British musician.",0.0032690328,2.9131507e-13,0.00014162547,0.023066077,0.9730539,0.00046928393
1,"Born in Scotland and raised in Canterbury, Kent, he is the guitarist and vocalist of the Canterbury scene band Caravan and brother of Jimmy Hastings.",3.7923576e-06,8.2536964e-05,0.7785122,0.00020460771,0.22119686,3.600182e-11
2,In 2017 he successfully funded through a PledgeMusic campaign his first solo album called From the Half House.,0.13754456,1.1181015e-07,0.85302407,0.00045329562,4.2559263e-09,0.008977955
3,==,0.12487809,0.21344268,0.0013716145,0.0017026803,0.65860486,7.902394e-08
4,Filmography ==,0.99997985,3.8154094e-10,9.0419326e-07,1.224641e-10,4.517803e-06,1.4692185e-05
5,2015:,0.17724884,0.0006050598,0.03683783,0.77964884,0.0053574485,0.00030204921
6,Romantic Warriors III: Canterbury Tales (DVD),1.0853604e-06,1.8916327e-05,1.6540768e-07,0.99976283,3.4728037e-05,0.00018232218
7,==,0.12487809,0.21344268,0.0013716145,0.0017026803,0.65860486,7.902394e-08
8,References ==,2.507712e-05,0.018098895,8.9650435e-05,0.06194967,4.4582564e-09,0.9198367
