,Sentence,Business meeting,Coincidence,Education,Music making,Personal life,Public celebration
0,"Scotti Hill (born Scott Lawrence Mulvehill on May 31, 1964, in Manhasset, New York) is an American musician best known as the lead & rhythm guitarist in New Jersey heavy metal band Skid Row.",3.1977909e-06,0.075929746,0.002724525,0.000217815,0.9211247,4.7256545e-08
1,==,0.12487809,0.21344268,0.0013716145,0.0017026803,0.65860486,7.902394e-08
2,Overview ==,0.14644665,1.084715e-06,0.00052495353,0.17547143,9.0901057e-07,0.677555
3,"One of the last glam metal bands to hit the big time before the advent of grunge in the early 1990s, Skid Row had a sound uncharacteristically heavier than their late 80s counterparts.",3.5585945e-05,0.63831097,0.00010183199,0.36060938,0.00091580336,2.6474578e-05
4,"Hill was also in the band Ozone Monday with singer Shawn McCabe, current Skid Row members guitarist Dave",8.118466e-07,7.0269374e-07,0.99729127,0.002699308,7.90318e-06,4.6255258e-10
5,"""The Snake"" Sabo and bassist Rachel Bolan and former Skid Row drummer Rob Affuso.",0.82697165,0.0011060996,1.4751876e-05,0.17190747,3.7536022e-08,1.0247821e-10
6,==,0.12487809,0.21344268,0.0013716145,0.0017026803,0.65860486,7.902394e-08
7,References ==,2.507712e-05,0.018098895,8.9650435e-05,0.06194967,4.4582564e-09,0.9198367
