,Sentence,Business meeting,Coincidence,Education,Music making,Personal life,Public celebration
0,Edward Julian Nally (1859 – 1953) was a U.S. radio industrialist.,0.000597159,3.1901338e-06,3.2287433e-11,1.5792163e-11,0.0237486,0.9756511
1,Nally served as the vice president and general manager of American Marconi Company and was the first president of RCA between 1919 and 1923.,0.7750023,0.012628414,2.8049127e-09,0.00013706692,3.1631727e-05,0.21220058
2,==,0.12487809,0.21344268,0.0013716145,0.0017026803,0.65860486,7.902394e-08
3,References ==,2.507712e-05,0.018098895,8.9650435e-05,0.06194967,4.4582564e-09,0.9198367
