,Sentence,Business meeting,Coincidence,Education,Music making,Personal life,Public celebration
0,"Victor Assis Brasil (August 28, 1945 – April 14, 1981) was a Brazilian jazz saxophonist.",2.0381897e-07,7.968767e-06,1.334386e-07,0.0072816014,0.99271,1.3158562e-07
1,"He began playing the saxophone at the age of 16 and recorded his first album, Desenhos, in 1965.",0.1445451,0.0001249909,0.8064365,0.048892673,3.1877246e-07,4.942569e-07
2,He later studied at Berklee College of Music.,5.0028088e-05,0.107080415,0.8662375,0.026498115,7.922583e-05,5.463025e-05
3,He also toured on three continents.,0.032225028,0.014813522,0.46943724,0.48295408,0.0005486999,2.1461285e-05
4,==,0.12487809,0.21344268,0.0013716145,0.0017026803,0.65860486,7.902394e-08
5,References ==,2.507712e-05,0.018098895,8.9650435e-05,0.06194967,4.4582564e-09,0.9198367
6,==,0.12487809,0.21344268,0.0013716145,0.0017026803,0.65860486,7.902394e-08
7,External links ==,0.00023526642,1.3075892e-06,6.913511e-10,2.5650536e-07,3.6421334e-08,0.9997632
8,Assis Brasil site,6.351614e-06,0.015612049,5.888934e-06,0.8940566,0.008919071,0.08140001
