,Sentence,Business meeting,Coincidence,Education,Music making,Personal life,Public celebration
0,"Patty Parsons (born in West Virginia) is the former soulful lead singer of AnExchange, a Marin County, California-based folk rock group of the early 1970s.",0.9451878,0.00039110513,0.054075535,3.9567435e-06,0.0002310212,0.00011061751
1,"Patty is the aunt of Kat Parsons, a Los Angeles-based singer-songwriter.",0.006997878,0.00025325778,0.7893442,3.248929e-05,0.20333235,3.977476e-05
2,==,0.12487809,0.21344268,0.0013716145,0.0017026803,0.65860486,7.902394e-08
3,External links ==,0.00023526642,1.3075892e-06,6.913511e-10,2.5650536e-07,3.6421334e-08,0.9997632
4,Patty Parsons at IMDb,0.99736255,1.924794e-06,2.436738e-07,8.821726e-05,0.00254708,3.533105e-08
5,Patty Parsons,6.0146253e-05,7.112805e-07,1.1384688e-07,4.6336376e-05,0.9998927,4.426827e-09
6,AnExchange,6.312681e-07,0.0012506045,0.9982091,2.124895e-06,8.0860787e-07,0.000536701
7,History of AnExchange,1.5277441e-05,0.02495137,0.8729396,1.5646665e-06,1.8177039e-08,0.10209221
8,Laughing Stock Theatre Company,2.1344863e-06,1.672295e-06,2.9883356e-08,0.99999595,1.823124e-07,3.269723e-08
