,Sentence,Business meeting,Coincidence,Education,Music making,Personal life,Public celebration
0,"Dane Lovett (born 1984) is an artist from Brisbane, Australia.",0.024416089,0.6448341,0.24222268,0.088341005,0.000114021976,7.214722e-05
1,In 2007 the artist moved to Melbourne to complete honours in painting at the Victorian College of the Arts.,1.6007374e-07,1.4654094e-06,0.99999654,8.712824e-10,5.4600304e-12,1.7341928e-06
2,==,0.12487809,0.21344268,0.0013716145,0.0017026803,0.65860486,7.902394e-08
3,Exhibitions ==,1.2182996e-06,2.0192991e-07,0.0023771173,1.715123e-08,1.7891011e-08,0.9976215
4,"In 2011 Dane Lovett was included in the group show ""Explaining Colours to the Blind"" at Tristian Koenig, exhibited solo at Colette in Paris and received a grant from the Australia Council for the Arts to undertake a studio residency in Tokyo for three months.",3.284115e-08,4.261016e-06,0.9999914,1.2617528e-06,8.919205e-11,2.935941e-06
5,==,0.12487809,0.21344268,0.0013716145,0.0017026803,0.65860486,7.902394e-08
6,Representation ==,1.5117625e-07,0.00020856208,0.16106577,0.83838814,7.827613e-09,0.00033739355
7,Dane Lovett is represented by Tristian Koenig in Melbourne and Sullivan + Strumpf Fine Art in Sydney.,0.45098987,0.5133023,0.0069091776,0.012847907,4.610005e-09,0.015950687
