,Sentence,Business meeting,Coincidence,Education,Music making,Personal life,Public celebration
0,"Marianne Scharwenka  (née Stresow, February 25, 1856 – October 24, 1918, Berlin) was a German violinist and composer.",1.5461511e-08,2.6281373e-07,0.99997973,1.4151206e-05,5.8895052e-06,1.0483854e-08
1,She was married to the German composer Philipp Scharwenka.,6.6226676e-05,0.0016648186,0.938495,0.0014360477,0.056468766,0.0018691014
2,==,0.12487809,0.21344268,0.0013716145,0.0017026803,0.65860486,7.902394e-08
3,External links ==,0.00023526642,1.3075892e-06,6.913511e-10,2.5650536e-07,3.6421334e-08,0.9997632
4,Marianne Scharwenka's Autograph Collection – 19th/20th – a set on Flickr at www.flickr.com Marianne Scharwenka's collection of autographs from the 19th & 20th century.,0.10872895,0.52595526,0.36041388,2.1576041e-07,0.0029563587,0.0019453776
5,Detailed biography of Marianne Scharwenka (in German),0.0003213733,5.9454112e-05,0.6661176,3.1333228e-05,0.29578763,0.037682664
